product_name,html_path,resource_path,image_filenames,plain_description,enriched_description,tags,item_type,suggested_projects,parts_count_guess,part_count_estimate_llm,price
1-Channel Relay Module,C:\Users\Royma\Downloads\Temu Items 2\1 channel 3v 5v 12v 24v relay module board with shielding light coupler 12v relay module supports high and trigger triggering compact relay module durable construction relay module _ Temu.html,C:\Users\Royma\Downloads\Temu Items 2\1 channel 3v 5v 12v 24v relay module board with shielding light coupler 12v relay module supports high and trigger triggering compact relay module durable construction relay module _ Temu_files,"1b4d137a-9713-437(1).jpg, 1b4d137a-9713-4373-81c7.jpg, 471549e7-f09b-457(1).jpg, 471549e7-f09b-457d-bbca.jpg, 742bb400-310e-45b(1).jpg, 742bb400-310e-45b2-ba22.jpg, ae9364a8-28a7-4e19-a7c2.jpg, b62b18aa-d6a5-4d88-a9f.jpeg, cb3d0f4d-06a6-4198-83a9.jpg, fdfac87c-4a2e-465(1).jpg, fdfac87c-4a2e-465d-a996.jpg, fe76f3b9-1273-411e-8b71.jpg","1 Channel 3V, 5V, 12V, 24V Relay Module Board with Shielding, Light Coupler 12V Relay Module, Supports High and Low Level Trigger, High-Level Triggering Capability | Compact Relay Module | Durable Construction, Relay Module | Power Mode : Room electrical/hard wiring Operating Voltage : ≤36V Battery Properties : Without Battery See all details and dimensions | This component features a high-quality relay with a normally open interface. It includes SMD optocoupler isolation for robust driving capability and reliable performance. The module allows for high or low triggering based on jumper configuration. It has a fault-tolerant design, ensuring the relay remains inactive even if the control line is damaged. There is a green power indicator and a red relay status indicator. The interface is designed for user convenience, allowing all connections to be made directly via terminal leads.","This 1-Channel Relay Module is designed for seamless integration into your microcontroller projects. It supports multiple operating voltages (3V, 5V, 12V, 24V) and features a high-quality relay with a normally open interface. The module includes SMD optocoupler isolation for enhanced reliability and can be configured for high or low-level triggering. With a fault-tolerant design, it ensures safe operation even if the control line is compromised. Ideal for controlling high voltage devices from low voltage microcontrollers, this compact relay module is a must-have for any DIY electronics lab.","relay, module, microcontroller, electronics, diy, automation, optocoupler, low-level-trigger, high-level-trigger, compact, durable",relay module,"home automation, remote control systems, smart lighting, appliance control, sensor activation",,1,₪4.95
Ultra-thin Button Switch,C:\Users\Royma\Downloads\Temu Items 2\1 pack ultra thin button switch brass nickel plated stainless steel material lightless model two legged on new short - automotive - Temu.html,C:\Users\Royma\Downloads\Temu Items 2\1 pack ultra thin button switch brass nickel plated stainless steel material lightless model two legged on new short - automotive - Temu_files,"0dfa4d75-8abf-4ef4-8f9e-b6536a5b740e.jpg, 484851c2-6d54-4c55-9a97-3b383ce8852b.jpg, 5f5d978c-e33e-4eb9-822b-9a0fe6d2737d_300x300.jpeg, 69a6f8c4-b772-4fee-978a-51c3e4399410(1).png, 69a6f8c4-b772-4fee-978a-51c3e4399410.png, 6e107b51-e2ca-45dc-80cf-9eec2cb9a5f8(1).jpg, 6e107b51-e2ca-45dc-80cf-9eec2cb9a5f8.jpg, 80a0a375-30f5-4ca4-8b25-536461c0a1c8.jpg, b22f258f-c895-4c0b-a5ff-388564ecc2d7(1).jpg, b22f258f-c895-4c0b-a5ff-388564ecc2d7.jpg, b4635650-73ef-4947-8947-bdf049f0a8af.jpg, b5d1234f-c784-4b31-8afd-926fff2c8ac3(1).jpg, b5d1234f-c784-4b31-8afd-926fff2c8ac3.jpg, d3254d53-e1c1-459e-99f7-18d8d2a5a8cc(1).jpg, d3254d53-e1c1-459e-99f7-18d8d2a5a8cc.jpg, d3faaba2-63ef-49f1-b9f9-b1ac67c60320.jpg, f533f61b-cad8-4633-af93-894123ed2d43(1).jpg, f533f61b-cad8-4633-af93-894123ed2d43.jpg, f596f546-9f92-4aa6-8c6b-e1b2bf1ced42(1).jpg, f596f546-9f92-4aa6-8c6b-e1b2bf1ced42.jpg, f6c70581-ccce-4e13-be2b-36e1d56e2012.png","1 Pack, Ultra-thin Button Switch, Brass Nickel-plated/Stainless Steel Material, Lightless Model, Two-legged Always On, New Short Case Design","This ultra-thin button switch is perfect for compact DIY electronics projects where space is a premium. Made from durable brass with a nickel-plated finish, it ensures reliable performance and longevity. The lightless model features a two-legged design that is always on, making it ideal for applications requiring a constant connection. Its new short case design allows for seamless integration into various enclosures. Use this switch in your next embedded project to enhance user interaction without compromising on space.","button switch, ultra-thin, brass, nickel-plated, electronics, embedded, DIY, compact, always on",button switch,"custom game controller, portable LED light, compact alarm system, wearable tech device",1,1,
2-Pin Double Line Insertion Connector,C:\Users\Royma\Downloads\Temu Items 2\10 20pcs insertion connector 2 pin 2 port pvc insulated copper contact material quick connect uncharged with locking for led wire connection _ Temu.html,C:\Users\Royma\Downloads\Temu Items 2\10 20pcs insertion connector 2 pin 2 port pvc insulated copper contact material quick connect uncharged with locking for led wire connection _ Temu_files,"0f69018a6a6746e9c4ffdab69fd2621f.jpg, 13d7f23f4f8ffc944bac5f6c736d1893(1).jpg, 13d7f23f4f8ffc944bac5f6c736d1893.jpg, 1a64f37b0c6d3e985396985d8e9b5dd4.jpg, 20b161a58cd8c89f840b407993fc6ce5(1).jpg, 20b161a58cd8c89f840b407993fc6ce5.jpg, 359f1b4de4ce1f25b1bfc0792ec28129.jpg, 4b39208f2614c3c0612970cb8c752867(1).jpg, 4b39208f2614c3c0612970cb8c752867.jpg, 4cf9613d-d074-462d-ac24-edca96e83ed4_300x300.jpeg, 704e35e96ac50a2ea0b726936db19b66.jpg, 94da850718017da7dc9e31c0ef02b351(1).jpg, 94da850718017da7dc9e31c0ef02b351.jpg, c2c81746d22441a1ebc1b0b3274cde24.jpg, c3caa88d2d1e403e799c7c3fa4d5f0c2(1).jpg, c3caa88d2d1e403e799c7c3fa4d5f0c2.jpg","10/20pcs Double Line Insertion Connector, 2-Pin 2-Port, PVC Insulated, Copper Contact Material, Quick Connect Termination, Uncharged Power Mode, with Locking Buckle, for LED Wire Connection, NODEMCU LUA | Power Mode : Uncharged Contain Electronic Components/Motherboard : Does not contain electronic components or motherboard Material : Composite Material See all details and dimensions | Details: Material is plastic, color is black, with a rated voltage of 300V and a peak voltage of 2.5KV. The rated current is 9A, and the cross-sectional area ranges from 0.34 to 0.75 mm². It is compatible with wire types 22-18 AWG and is flame retardant according to UL94v-0.","This 2-pin double line insertion connector is ideal for quick and reliable connections in your microcontroller projects. Made from durable PVC with copper contacts, it ensures a secure fit and efficient power transfer for your LED wire connections. Rated for up to 300V and 9A, it supports wire sizes from 22 to 18 AWG, making it versatile for various applications. The locking buckle design provides added security, preventing accidental disconnections during operation. Perfect for DIY electronics enthusiasts looking to streamline their wiring setups.","2-pin, connector, quick connect, led, electronics, microcontroller, wiring, nodeMCU, pvc, copper, flame retardant",electrical connector,"LED lighting projects, microcontroller power connections, DIY electronics prototyping, home automation wiring",20,10-20 pieces,₪4.41
BAKU 10002 Solder Wire,C:\Users\Royma\Downloads\Temu Items 2\10002 no cleaning soldering wire tin rosin cored solder - Temu.html,C:\Users\Royma\Downloads\Temu Items 2\10002 no cleaning soldering wire tin rosin cored solder - Temu_files,"0ec40be0-0b80-11f0-b936-0a580a632983.jpg, 13b2dc80-0b80-11f0-a1d5-0a580a632787.jpg, 1ea79658-0b80-11f0-a7e4-0a580a632787.jpg, 26cbffae-0b80-11f0-a827-0a580a632983(1).jpg, 26cbffae-0b80-11f0-a827-0a580a632983.jpg, 37ad86b0-6757-42e0-aca6-294afd2d6e05_300x300.jpeg, 753638c2-0b7f-11f0-a7e4-0a580a632787(1).jpg, 753638c2-0b7f-11f0-a7e4-0a580a632787.jpg, 801a0aa9-d54d-4aec-b623-2550f2fa6e55.jpg, 8086a4e3-3cd3-4831-837b-202e4def03aa(1).jpg, 8086a4e3-3cd3-4831-837b-202e4def03aa.jpg, 9df7e164-804f-4bd3-82e9-552c586840dd.jpg, b10b742f-5b73-437d-8c4c-874dd615d3ee.jpg, bd9b24ae-8f5e-4332-b05c-a822657e5b3b.jpg","BAKU 10002 50g/roll No Cleaning Soldering Wire, Tin Rosin Cored Solder Wire for Electrical Welding 0.8mm Low Temperature Soldering Wire | Material : Metal Special Features : Rust resistant, Esd protection Recommended Scenario : Solder, Manual handling See all details and dimensions","The BAKU 10002 solder wire is a high-quality, tin rosin cored solder perfect for various electronics projects. With a diameter of 0.8mm, it is designed for low-temperature soldering, making it ideal for delicate components. This solder wire is rust-resistant and provides excellent ESD protection, ensuring reliable connections in your DIY electronics. Whether you're repairing circuits or building new devices, this solder wire will meet your needs effectively.","soldering, electronics, diy, solder wire, low temperature, rosin core, rust resistant, esd protection",solder wire,"circuit repairs, DIY electronics, model building, PCB assembly",,1 roll,₪10.41
12085 Passive Buzzer,C:\Users\Royma\Downloads\Temu Items 2\10pcs 20pcs 12085 passive buzzer 12mm with 42r mini buzzers for diy electronic projects 3v 12v - automotive - Temu.html,C:\Users\Royma\Downloads\Temu Items 2\10pcs 20pcs 12085 passive buzzer 12mm with 42r mini buzzers for diy electronic projects 3v 12v - automotive - Temu_files,"1701400603933-3057b79779ae469286c93858fc3d3459-goods(1).jpeg, 1701400603933-3057b79779ae469286c93858fc3d3459-goods.jpeg, 1701400604236-75ef34d4ead147c8b84dee27b50ce402-goods.jpeg, 1701400604460-d48ebd8a363b48fc9883eda763faaa9d-goods.jpeg, 1701400604679-946ed0f3dcc8498b83860a1efdbb2d9f-goods(1).jpeg, 1701400604679-946ed0f3dcc8498b83860a1efdbb2d9f-goods.jpeg, 1701400604914-2ab763b9678140459ed0d0723aa2ae97-goods(1).jpeg, 1701400604914-2ab763b9678140459ed0d0723aa2ae97-goods.jpeg, 1701400605117-d002a10c430e4992abfeb0b35cca3e5d-goods.jpeg, 1701400605318-34efa330d8694af6a58016a87826e24f-goods.jpeg, 1701400606576-e9527b365181410fa957a949f842a11c-goods.jpeg, 1701400606807-bd3e6ca1e78e42b1bbe2aba399c3781e-goods.jpeg, 1701400606987-d7dbe75cdb264c9cb25571204e2de7f0-goods.jpeg",10pcs/20pcs 12085 Passive Buzzer 12MM With 42R Resistance - Mini Piezo Buzzers For Arduino DIY Electronic Projects (3V~12V) | Car Series : Other Battery Properties : Without Battery Applicable Models : See Product Details See all details | Feature: Name:12085 Passive Buzzer Diameter: 12mm 42R 12085 3V-12V Common Package List: 10/20PCS Passive Buzzers,"The 12085 Passive Buzzer is a compact 12mm piezo buzzer designed for a wide range of DIY electronics projects. Operating at voltages between 3V and 12V, this buzzer is perfect for Arduino-based applications, providing sound output for alerts, notifications, and more. With a resistance of 42 ohms, it is easy to integrate into your circuits. Available in packs of 10 or 20, these buzzers are an essential component for any maker's toolkit.","passive buzzer, piezo buzzer, arduino, electronics, diy, sound output, 12085, mini buzzer, audio alert",passive buzzer,"alarm system, notification sound, game sound effects, interactive art, educational projects",10,10-20,₪4.79
9V Battery Clip Connectors,"C:\Users\Royma\Downloads\Temu Items 2\10pcs 9v battery clip connectors t type pu leather long cable housing with metal contacts red wires secure for batteries and devices - business, & science - Temu.html","C:\Users\Royma\Downloads\Temu Items 2\10pcs 9v battery clip connectors t type pu leather long cable housing with metal contacts red wires secure for batteries and devices - business, & science - Temu_files","0acfeb11-5498-4af2-96b5-28cd111de44d(1).jpg, 0acfeb11-5498-4af2-96b5-28cd111de44d.jpg, 0cbe0e6a-0a86-4aa9-82e3-8d9aec3e8112(1).jpg, 0cbe0e6a-0a86-4aa9-82e3-8d9aec3e8112.jpg, 1a637d7a-6362-4c7d-a0db-043a68d405ae(1).jpg, 1a637d7a-6362-4c7d-a0db-043a68d405ae.jpg, 1bafef5f-db48-43d1-b8b7-404ecc15e7a1(1).jpg, 1bafef5f-db48-43d1-b8b7-404ecc15e7a1.jpg, 30922c46-59ff-4d16-9988-78f187f5c5b5_300x300.jpeg, 7b056bf1-7baf-4213-9caf-3615894aba36(1).jpg, 7b056bf1-7baf-4213-9caf-3615894aba36.jpg, 82cd8ddd-7ddc-411c-9d12-a508c971677b(1).jpg, 82cd8ddd-7ddc-411c-9d12-a508c971677b.jpg, ae072086-e538-4be6-ab9f-caba91bdeee5.jpg, e9813cbe-1926-4b6e-a224-aea70d92bd88(1).jpg, e9813cbe-1926-4b6e-a224-aea70d92bd88.jpg, f666e408-03ce-4e4a-bef6-06f5cf0edbbe(1).jpg, f666e408-03ce-4e4a-bef6-06f5cf0edbbe.jpg","10pcs 9V Battery Clip Connectors, T-Type PU Leather Long Cable Housing with Metal Contacts & Red Wires, Secure Electrical Connection for Batteries and Devices | Insulation Type : Pvc insulated Contact Material : Aluminum Termination Type : Plug-in See all details","This set of 10 T-type 9V battery clip connectors features durable PU leather long cables and secure metal contacts for reliable electrical connections. Ideal for DIY electronics projects, these connectors are perfect for powering various devices and circuits. The PVC insulation ensures safety and longevity, making them suitable for both prototyping and final builds. Use these connectors to easily interface batteries with your microcontroller projects and other electronic devices.","9v battery, connectors, electronics, diy, prototyping, cables, power supply, metal contacts, insulation, plug-in",battery connectors,"battery-powered LED projects, portable sensors, DIY audio devices, robotics, remote control systems",10,10,₪5.30
PH2.0 Terminal Cables,C:\Users\Royma\Downloads\Temu Items 2\10pcs ph2 0 single head terminal cables red coded 2 pin connectors durable plug in electronic wiring harness for speaker microphone battery power cords secure audio connections _ Temu.html,C:\Users\Royma\Downloads\Temu Items 2\10pcs ph2 0 single head terminal cables red coded 2 pin connectors durable plug in electronic wiring harness for speaker microphone battery power cords secure audio connections _ Temu_files,"0404aabda2994837a98f(1).jpeg, 0404aabda2994837a98fb87d1a.jpeg, 10b62891824841c1b1e9(1).jpeg, 10b62891824841c1b1e95004b5.jpeg, 94b7807147c74b0a878adee8a5.jpeg, b439ad081f8b4a489fb1(1).jpeg, b439ad081f8b4a489fb111ab35.jpeg, c6bf9dcbeabf421a952543c880.jpeg, d3a808ce-4964-491c-9582-f2c.png, e8aa0c2406af4e4684c4(1).jpeg, e8aa0c2406af4e4684c46b7a00.jpeg, ff4593ed-365c-41fc-8eb9-0c3.png","10pcs PH2.0 Single-Head Terminal Cables - Red & Black Color-Coded 2-Pin Connectors, Durable Plug-In Electronic Wiring Harness for Speaker Microphone Battery Power Cords, Secure Audio & DC Connections | Material : Copper Item ID : MH1787080 Copy Origin : Guangdong,China","This set of 10 PH2.0 single-head terminal cables features durable red and black color-coded 2-pin connectors, making them ideal for a variety of electronic wiring applications. Perfect for connecting speaker microphones, battery power cords, and ensuring secure audio and DC connections. The copper construction ensures reliable conductivity and longevity in your projects. These cables are essential for DIY enthusiasts looking to streamline their wiring processes in microcontroller and embedded systems.","terminal cables, connectors, wiring harness, audio connections, dc connections, electronics, diy projects, microcontroller, speaker, battery",terminal connector cables,"audio amplifier, battery-powered device, DIY speaker system, microcontroller interface, portable electronics",10,10,₪4.98
Plastic Spring Clamps - 10pcs,C:\Users\Royma\Downloads\Temu Items 2\10pcs plastic spring clamps 2 inch for diy woodworking projects workbenches home _ Temu.html,C:\Users\Royma\Downloads\Temu Items 2\10pcs plastic spring clamps 2 inch for diy woodworking projects workbenches home _ Temu_files,"1694681245478-396aa83e57b84761a6609badccb58ec3-goods.jpeg, 1694681245671-b6501b3ff6f5422684fd75a2b174e5e0-goods(1).jpeg, 1694681245671-b6501b3ff6f5422684fd75a2b174e5e0-goods.jpeg, 1694681245851-16f91d58f5284f9aaca7c9dfb6f204ab-goods.jpeg, 1694681246210-6762d1e971a54384bec0b7006c4c0ab2-goods(1).jpeg, 1694681246210-6762d1e971a54384bec0b7006c4c0ab2-goods.jpeg, 1694681246632-6fc976ecf3ba46d4aa4cc83e48455aa2-goods.jpeg, 1694681247149-686a39e3a4b841d0acb6ddd01e368089-goods.jpeg, 209c0f83-5104-406a-910b-f40b71e21571.jpg, 277a658c-461e-4795-bec1-3db319ff5acf.jpg, 4db5e46c-3a77-419b-9e00-4da826fcebbd.jpg, a24fecaa-eda1-4379-96f3-f4925d183ae0.jpg, d1d8a091-fb2d-45e7-8980-d6c4d9ec4691_300x300.jpeg, ff4593ed-365c-41fc-8eb9-0c33e21075ae.png.slim.png","10pcs Black & Orange Plastic Spring Clamps, 2-Inch Grip - Perfect for DIY Woodworking Projects, Workbenches & Home Workshops | Material : PP Item ID : PK30035 Copy Origin : Guangdong,China","These 10pcs Black & Orange Plastic Spring Clamps are ideal for securing materials during your DIY projects. With a 2-inch grip, they provide a strong hold for woodworking tasks, ensuring stability while you work. Made from durable polypropylene, these clamps are perfect for use in workshops or home projects. Their lightweight design allows for easy handling and repositioning, making them a must-have tool for any maker's toolkit.","clamps, woodworking, diy, tools, plastic, spring, workshop, projects, home, maker",clamp set,"woodworking, model building, crafting, home repairs, assembly tasks",10,10,₪10.88
Waterproof Plastic Junction Box (10pcs),"C:\Users\Royma\Downloads\Temu Items 2\10pcs waterproof plastic electric project junction box 60x36x25mm - business, & science - Temu.html","C:\Users\Royma\Downloads\Temu Items 2\10pcs waterproof plastic electric project junction box 60x36x25mm - business, & science - Temu_files","1693107335404-7fb5d4118ac842bfa7dbd81dd6463558-goods.jpeg, 1693107335697-58186ba0dfb1493ebb8a0094986a733f-goods.jpeg, 1693107335909-b087bff55d654687aa3e9ba49e995c34-goods(1).jpeg, 1693107335909-b087bff55d654687aa3e9ba49e995c34-goods.jpeg, 1693107336165-7df79185d40e47b3952300b5c9d8ec32-goods.jpeg, 1693107336386-0542d5c43c5440f8a7def64b417e853a-goods(1).jpeg, 1693107336386-0542d5c43c5440f8a7def64b417e853a-goods.jpeg, 1693107337875-f309c16ac4a84449a41e3a886263c648-goods.jpeg, 1693107338124-2a819bd11226479eb7de07bee430c6dd-goods.jpeg, 1693107338343-a2cfd09ad2b1456fb59a5c401eb53885-goods.jpeg, b98b8daf-352f-46b4-baf4-1dddb2a3c85e_300x300.jpeg","10pcs Waterproof Plastic Electric Project Junction Box 60x36x25mm | Power Mode : Uncharged Major Material : ABS Finish Type : Painted See all details and dimensions | Features: brand new and high quality Durable and practical Great for electronic projects, power supply units, student projects, amplifiers, etc. No screws included Specifications: Material: Plastic Color: Black Outside Size:60x36x25mm/2.36x1.38x0.98"" Quantity: 10 Pcs/1 Set Note: Please allow 1-3mm error due to manual measurement. pls make sure you do not mind before you bid","This set of 10 waterproof plastic junction boxes is perfect for housing your electronic projects and protecting them from moisture. Each box measures 60x36x25mm, making them compact yet spacious enough for various components. Made from durable ABS plastic, these boxes are ideal for power supply units, student projects, and amplifiers. With a painted finish, they not only provide functionality but also a sleek appearance for your DIY setups. Note that screws are not included, so be sure to have your own fasteners ready for assembly.","junction box, waterproof, plastic, electronics, project housing, diy, abs, durable, compact, power supply",junction box set,"weatherproof electronics, custom power supplies, student electronics projects, amplifier enclosures",10,10,₪18.51
RS360 DC Motor,C:\Users\Royma\Downloads\Temu Items 2\12v 24000rpm high speed micro motor diy - Temu.html,C:\Users\Royma\Downloads\Temu Items 2\12v 24000rpm high speed micro motor diy - Temu_files,"0250b15c-0051-454c-a451-218ebe991189.jpg, 3024f46e5524f0fa6892f8b52dc0b320.jpg, 46bce371-9b57-4a3c-b025-602f002d2b93_300x300.jpeg, 523ec992-2e0b-459e-ad8b-bd161bd9fb88.jpg, 5cecaaceb6ac39db99dae49da9db0aa4.jpg, 7083c3dace7028d014998bf1a3b6dc81.jpg, 7be7b48e-b5fe-40d2-9a83-b4aee38011c0(1).jpg, 7be7b48e-b5fe-40d2-9a83-b4aee38011c0.jpg, a75f198a-d5db-4c79-9976-2408b91a0bdc.jpg, ab8c7b56-8128-463e-a529-9bdf757f3623.jpg, b3d79da2e2e1ea0a2936a09ae35f38cb.jpg, c914f0f09d9e1e6c2afd78693dcfc962(1).jpg, c914f0f09d9e1e6c2afd78693dcfc962.jpg, dfdb62d2-5282-4f78-a6e5-1cf764576542_1000x1000(1).jpeg, dfdb62d2-5282-4f78-a6e5-1cf764576542_1000x1000.jpeg",RS360 DC Motor 6-12V 24000RPM High Speed Micro Motor for DIY Toys / Hair Dryer / Appliances with Shield Ring | Material : Metal Assembly Required : No Display Type : No Display See all details and dimensions | Parameter Information:,"The RS360 DC Motor is a high-speed micro motor designed for various DIY applications, operating efficiently within a voltage range of 6-12V and reaching speeds of up to 24000 RPM. Its robust metal construction ensures durability, making it suitable for projects involving toys, hair dryers, and other appliances. This motor is ideal for makers looking to integrate high-performance components into their designs without the need for complex assembly. Whether you're building a robotic system or a custom appliance, the RS360 provides the power and reliability you need.","dc motor, high speed, rs360, diy projects, electronics, robotics, appliances, metal motor, 24000rpm",DC motor,"robotic arm, custom fan, toy car, hair dryer modification",,1,₪7.33
16-in-1 Sensor Module Kit,C:\Users\Royma\Downloads\Temu Items 2\16 in 1 sensor module kit compatible with and 51 boards for diy and embedded projects _ Temu.html,C:\Users\Royma\Downloads\Temu Items 2\16 in 1 sensor module kit compatible with and 51 boards for diy and embedded projects _ Temu_files,"0a396892-4b76-4844-b34f-bb4a16b4b355.jpg, 1ae26c42-2d79-4b42-bc43-d542a4466a0e.jpg, 1f6b336c-efb8-4197-8697-38612e6b59ca.jpg, 224a2159e8634e7aa74a61bd808def2f-goods(1).jpeg, 224a2159e8634e7aa74a61bd808def2f-goods.jpeg, 2a8db5ee-a5ca-4cfb-8ce0-d100136307d0.jpg, 5a77f594-4d3b-4e6d-9996-0237f8abe990.jpg, 86d7fe88-4b27-45a3-88c7-e2028d1bd725.jpg, 8c11b2ad-de3c-4105-8972-c440f49b82ec_300x300.jpeg, c3c383b2-5513-41c3-bc91-522614453df4.jpg, ccdb389a-892f-4a01-9055-08a647076946.jpg, dce04970-28d3-469e-96d1-0299bd94ae30(1).jpg, dce04970-28d3-469e-96d1-0299bd94ae30.jpg, f35cdd47-4564-4aa0-80c9-fd88ac90eed2(1).jpg, f35cdd47-4564-4aa0-80c9-fd88ac90eed2.jpg","16-in-1 Sensor Module Kit – Compatible with Raspberry Pi, STM32, and 51 Boards for DIY and Embedded Projects | Contact Material : Copper Alloy Termination Type : Plug-in Power Mode : Uncharged See all details","The 16-in-1 Sensor Module Kit is an essential addition for any DIY electronics lab, compatible with Raspberry Pi, STM32, and 51 boards. This versatile kit includes a variety of sensors that can be easily integrated into your projects, allowing for a wide range of applications from environmental monitoring to robotics. With plug-in termination and copper alloy contacts, these modules ensure reliable connections and ease of use. Ideal for both beginners and experienced makers, this kit opens up endless possibilities for embedded system development.","sensor module, raspberry pi, stm32, 51 boards, diy projects, embedded systems, electronics kit, prototyping, sensors, maker tools",sensor module kit,"environmental monitoring, robotics, home automation, smart agriculture, wearable tech",,16,₪65.95
Dual Voltage Power Module for Breadboard,C:\Users\Royma\Downloads\Temu Items 2\1pc 2pcs bread board power module 5v 3 3v mb 102 power board dual 5v 3 3 black - automotive - Temu.html,C:\Users\Royma\Downloads\Temu Items 2\1pc 2pcs bread board power module 5v 3 3v mb 102 power board dual 5v 3 3 black - automotive - Temu_files,"0860deb3-83aa-4ca5-87d8-a6b4c2efcb0b_300x300.jpeg, 0a321ccb-0453-4c70-93e8-bc0734d480da.jpg, 13ccf102-89ff-4ed4-afe5-236099940dbf.jpg, 148c90d3-f283-4b33-9139-a1ae74b0907c.jpg, 3c6df260-3050-47b0-b3b2-c201804e7d82(1).jpg, 3c6df260-3050-47b0-b3b2-c201804e7d82.jpg, 3e873b8f-2d6e-49ca-950d-cd412829c2c2(1).jpg, 3e873b8f-2d6e-49ca-950d-cd412829c2c2.jpg, d233d26f-e80d-415c-bfb0-1e1a016b8d05(1).jpg, d233d26f-e80d-415c-bfb0-1e1a016b8d05.jpg, d2f50aef-ee50-4e85-8585-0aa5e3b90776.jpg, d8b9e2e6-409b-42e1-8ed0-dc74db633ebc.jpg","1pc 2pcs Bread Board, Power Module, 5V 3.3V MB-102 Power Board, Dual 5V/3.3 black | Battery Properties : Without Battery Item ID : MG69845 Copy | Overview This is a companion module that plugs into our solderless breadwild pigds (MB-102 Breadwild pigd) and provides 5V and/or 3V power to the rails as well as other useful functions, an on-off For Switch, power indicator LED, a USB port and extra header pins for 3V and 5V power taps. Maximum output current: 700mA. Coax ja (2.1mm id) for power input (6.5V -9V). Power supply not included. 32 x 54 x 25mm high (1.26 x 2.08 x 0.86"" high). Features + Input Voltage: 6.5V-12V (DC) or USB power supply + 2.1mm","This Dual Voltage Power Module is an essential addition to your breadboard setup, providing both 5V and 3.3V outputs. It features an on-off switch, a power indicator LED, and a USB port for versatile power options. With a maximum output current of 700mA, it can efficiently power your microcontroller projects. The module is designed to easily connect to MB-102 breadboards, making it perfect for prototyping and experimentation. Ideal for hobbyists and makers looking to streamline their power supply needs.","breadboard, power module, 5v, 3.3v, electronics, prototyping, diy, microcontroller, usb power, power supply",power module,"Arduino projects, Raspberry Pi setups, sensor integrations, LED displays, robotics",1,1,₪5.09
CC CV DC Buck Converter Module,"C:\Users\Royma\Downloads\Temu Items 2\1pc cc cv 6 5 36v to 1 2 32v 5a 75w step down converter power supply module voltage regulator transformer with case heatsink - business, & science - Temu.html","C:\Users\Royma\Downloads\Temu Items 2\1pc cc cv 6 5 36v to 1 2 32v 5a 75w step down converter power supply module voltage regulator transformer with case heatsink - business, & science - Temu_files","1701357655282-7e3dc322ff7845048688c53e420e1a12-goo(1).jpeg, 1701357655282-7e3dc322ff7845048688c53e420e1a12-goods.jpeg, 1701357658170-81a8f2ba456e43f690542863b8244dc3-goods.jpeg, 1701357658813-2d8b2e836ef94ed9b6515f787c6ed0b0-goo(1).jpeg, 1701357658813-2d8b2e836ef94ed9b6515f787c6ed0b0-goods.jpeg, 1701357660070-e53c7edc543442d5b471bb161a0fcf2a-goo(1).jpeg, 1701357660070-e53c7edc543442d5b471bb161a0fcf2a-goods.jpeg, 1701357660507-fefc621c2fe447fb850ade2e0aaeee26-goo(1).jpeg, 1701357660507-fefc621c2fe447fb850ade2e0aaeee26-goods.jpeg, dfbf13e1f8709cc6ab1a3703bb017147(1).jpg, dfbf13e1f8709cc6ab1a3703bb017147.jpg, f0ab56ad4fbacff12636f60244e42007.jpg",1pc CC CV DC 6.5-36V To 1.2-32V 5A 75W Step Down Buck Converter Power Supply Module Voltage Regulator Transformer With Case Heatsink | Power Mode : Room electrical/hard wiring Operating Voltage : ≤36V Battery Properties : Without Battery See all details and dimensions | Attention: The module casing needs to be assembled by oneself,"This CC CV DC Buck Converter Module is designed for efficient voltage regulation in your DIY electronics projects. With an input voltage range of 6.5-36V and a maximum output of 5A, it can handle a variety of applications. The module comes with a heatsink for effective thermal management, ensuring stable performance during operation. Note that the casing requires self-assembly, making it a great hands-on project for makers. Ideal for powering microcontrollers, sensors, and other low-voltage devices.","buck converter, voltage regulator, power supply, electronics, diy, microcontroller, heatsink, module",power supply module,"Arduino power supply, Raspberry Pi power regulator, LED strip driver, battery charger circuit",1,1,₪37.77
22 AWG Tin-Plated Copper Wire Kit,C:\Users\Royma\Downloads\Temu Items 2\22 awg electrical wire 22 gauge copper wires - Temu.html,C:\Users\Royma\Downloads\Temu Items 2\22 awg electrical wire 22 gauge copper wires - Temu_files,"032c74c3acf0c82f39b2d1db1b6d8795(1).jpg, 032c74c3acf0c82f39b2d1db1b6d8795.jpg, 0832aafd19b333395af837496b51ee6a.jpg, 3a9d6a68a5f4e9e2d6fe46ae812ea375.jpg, 45b96994bf53f999dcb90449604b4c78.jpg, 50305ced-2ff8-4a83-91b5-5d8c80e004f3_300x300.jpeg, 51f615a4-a735-4470-bc5a-e98093d77f19_970x600.jpeg, 686d4797e96201586d6f10051dcc0e79.jpg, 8642070a-1665-48e0-821f-3568420ea229_1600x1600(1).jpeg, 8642070a-1665-48e0-821f-3568420ea229_1600x1600.jpeg, 8c29266f9bc55887953ec4b4eaea9528.jpg, af7ac06d203ee51603335e62c2e80f8f.jpg, aff328b789ac526d525ba9b4a9b6a09f.jpg, f90c6812-8c60-4bd2-bf68-08f89b8ea838_1600x1600(1).jpeg, f90c6812-8c60-4bd2-bf68-08f89b8ea838_1600x1600.jpeg","22 AWG Electrical Wire, 22 Gauge Braided Tin-Plated Copper Wire, Flexible Wire Kit OD:1.7mm, 5 Colors, 16.4ft or 32.8ft per Color, for DIY/Auto/Home/Electric Model/Battery Wiring, Hard-Wired, 110V-240V Operating Voltage, Metal Material, No Battery Included | Measurements : 22 gauge Power Supply : Hard-Wired Operating Voltage : 110V (included)-240V (included) See all details | The Hook Up Assorted Wire Set","This 22 AWG electrical wire kit features flexible, braided tin-plated copper wire in five vibrant colors, making it ideal for various DIY electronics projects. Each wire measures 1.7mm in diameter and is available in lengths of 16.4ft or 32.8ft per color, providing ample material for your wiring needs. With a voltage rating of 110V to 240V, this kit is perfect for hard-wired applications in home automation, automotive, and electric models. The high-quality metal material ensures durability and reliable conductivity for your projects.","22 awg, copper wire, electrical wiring, diy electronics, flexible wire, tin-plated, braided wire, home automation, automotive wiring, electric models",wire kit,"LED strip lighting, custom battery packs, home automation circuits, model railroads, automotive wiring repairs",,5 colors,₪28.38
Precision Ruler Set,C:\Users\Royma\Downloads\Temu Items 2\22pcs precision ruler set for intricate gear designs durable pc material stencils markers ideal for detailed drawing paper - office & school supplies - Temu.html,C:\Users\Royma\Downloads\Temu Items 2\22pcs precision ruler set for intricate gear designs durable pc material stencils markers ideal for detailed drawing paper - office & school supplies - Temu_files,"1712050250460-aff7a5decabb445ea4511a98dfe26aa1-(1).jpeg, 1712050250460-aff7a5decabb445ea4511a98dfe26aa1-goods.jpeg, 1712050256223-2c17ee9b1452469abdf491529869eb95-(1).jpeg, 1712050256223-2c17ee9b1452469abdf491529869eb95-goods.jpeg, 1712050260109-fdf81562820342ffbd6b96e6c07c5443-goods.jpeg, 1712050264810-81df94d607e6459fb9c6ec4b8e9862fc-goods.jpeg, 1712050268680-6832b6578b0c411c89318cbc4fc29abb-goods.jpeg, 1712050272505-25276df051e343f6bea71f903b2ecb93-goods.jpeg, 1712050275234-f6690bccec9c484dafbab55bd411b9e9-goods.jpeg, 1712050282379-3dad1b11aa82446da8b08fb30c69c602-goods.jpeg, 1712050285910-b9ac3ba64fac44559af5c5a1b3e5f945-(1).jpeg, 1712050285910-b9ac3ba64fac44559af5c5a1b3e5f945-goods.jpeg, 1712050298935-8f52161f7fc6401484472c9a2bf9af0c-goods.jpeg, 1712050301196-acf1c41b97dc44718ba69cf19d6df9f0-goods.jpeg, 1712050306160-2b53fc9b2bf7400494e9cf5023f75a61-goods.jpeg, 1712050310341-185966e520504fa0826c10fcd9ef39e9-goods.jpeg, 671f1ac3-221e-4351-b540-38527f49759e_300x300.png","22pcs Precision Ruler Set for Intricate Gear Designs - Durable PC Material, Includes Stencils & Markers, Ideal for Detailed Drawing on Black Paper | Major Material : PC Item ID : WB94729 Copy","This 22-piece Precision Ruler Set is designed for makers who require accuracy in their intricate gear designs. Made from durable PC material, it includes various stencils and markers that are perfect for detailed drawing on black paper. Ideal for both prototyping and final designs, this set enhances your workflow by providing precise measurements and creative templates. Whether you're working on electronics enclosures or mechanical components, this set will elevate your design process.","precision, ruler, stencils, markers, drawing, black paper, gear design, DIY, electronics, prototyping",ruler set,"gear design, electronics enclosure, mechanical component design, detailed drawing, prototyping",22,22,₪5.18
Pre-Wired Micro LED Strips,"C:\Users\Royma\Downloads\Temu Items 2\25pcs pre wired strips 50pcs 5v battery powered 36 operating voltage 0 150 ohm gauge 3 5mm led pitch ideal for diy projects use led strips colorful led strips flexible led strip - business, & science - Temu.html",,,"25pcs Pre-Wired Micro LED Strips - 50pcs Available, 5V Battery Powered, 36V Max Operating Voltage, 0-150 Ohm Gauge, 3.5mm LED Pitch, Ideal for DIY Projects & Hobbyist Use, Hobbyist LED Strips | Colorful LED Strips | Flexible LED Strip | Measurements : 000 Gauge Brand : ZZHOBBIES Power Mode : Battery Powered See all details and dimensions","These pre-wired micro LED strips are perfect for DIY electronics projects and creative hobbyist applications. With a flexible design and a pitch of 3.5mm, they can easily be integrated into various setups. Operating at 5V and capable of handling up to 36V, these strips provide versatility for both low and high voltage projects. Ideal for adding colorful lighting effects to your creations, they are a must-have for any maker's toolkit.","led strips, micro led, pre-wired, diy projects, hobby electronics, flexible lighting, battery powered, colorful lights",LED strip lights,"LED art installations, model lighting, DIY night lights, decorative displays, wearable tech projects",25,25 pieces,₪23.85
300W DC-DC Adjustable Voltage Regulator,"C:\Users\Royma\Downloads\Temu Items 2\2pcs 300w 10a adjustable voltage regulator module converter for solar charging led driving car 32v input 0 8 28v output with charging indicators mounting holes solar charge controller - business, & science - Temu.html",,,"2pcs 300W 10A DC-DC Adjustable Voltage Regulator Module (DC-DC Buck Converter) for Solar Charging, LED Driving & Car Power - 7-32V Input, 0.8-28V Output with Charging Indicators & Mounting Holes, Solar Charge Controller | Power Mode : Room electrical/hard wiring Operating Voltage : ≤36V Battery Properties : Without Battery See all details and dimensions | Module nature: non - isolated step - down constant - current and constant - voltage (CCCV) charging module Scope of application: high - power LED constant - current driving, lithium - battery charging (including lithium - iron battery), charging of 4V, 6V, 12V, 14V, 24V batteries, charging of nickel - cadmium and nickel - ammonia batteries (battery packs), solar panels, wind turbines Input voltage: 7 - 32V (5 - 32V without constant current) Output voltage: (1) Continuously adjustable (0.8 - 28V)","This 300W DC-DC adjustable voltage regulator module is ideal for DIY electronics projects requiring efficient power management. With an input voltage range of 7-32V and an adjustable output from 0.8-28V, it is perfect for applications such as solar charging, LED driving, and powering various battery types. The module features built-in charging indicators and mounting holes for easy integration into your projects. Its constant current and constant voltage (CCCV) capabilities make it versatile for high-power LED driving and lithium battery charging. Enhance your embedded systems with this reliable power solution.","dc-dc converter, voltage regulator, adjustable power supply, solar charging, led driver, embedded systems, electronics, diy projects, battery charging, power management",voltage regulator module,"solar panel charger, LED lighting system, battery management system, portable power supply, wind turbine controller",2,2,₪26.13
3-Arm Adjustable Soldering Station,C:\Users\Royma\Downloads\Temu Items 2\3 arm adjustable soldering station 3x magnifying lamp black - Temu.html,C:\Users\Royma\Downloads\Temu Items 2\3 arm adjustable soldering station 3x magnifying lamp black - Temu_files,"019153bb-cbfa-4852-8ce8-d531dd25f503(1).jpg, 019153bb-cbfa-4852-8ce8-d531dd25f503.jpg, 46ca0e4e-945c-4e88-8abc-2f66566f2bf1(1).jpg, 46ca0e4e-945c-4e88-8abc-2f66566f2bf1.jpg, 7b4766de-de34-4e4c-b775-c2c274f69d86(1).jpg, 7b4766de-de34-4e4c-b775-c2c274f69d86.jpg, 844a85f0-7049-46e4-8e19-2edfcb450cb7.jpg, bc9a9f6a-f9a6-4dc2-9cfc-1de2bd9bdda5(1).jpg, bc9a9f6a-f9a6-4dc2-9cfc-1de2bd9bdda5.jpg, d418c90f-c738-4163-8405-41a21da217b1.jpg","3-Arm Adjustable Soldering Station with 3x Magnifying Lamp - Black Flexible Stand for PCB Repair and Maintenance, Ideal for Electronics Workbench, Electronics Workspace | Adjustable Arm Stand | Durable Plastic Base, Soldering Station | Material : Plastic Number of Pieces : 1 Recommended Scenario : Solder See all details and dimensions","This 3-Arm Adjustable Soldering Station is designed to enhance your electronics workbench experience. Featuring a magnifying lamp, it allows for precise soldering and PCB repairs, making it ideal for intricate projects. The flexible arms can be adjusted to hold components securely in place, freeing your hands for soldering tasks. Its durable plastic base ensures stability during use, while the compact design makes it easy to store when not in use. Perfect for hobbyists and professionals alike, this station will streamline your workflow and improve your project outcomes.","soldering, electronics, workbench, magnifying lamp, adjustable stand, pcb repair, diy, maker, hobbyist, tools",soldering station,"PCB assembly, electronics repair, model building, DIY gadgets, circuit prototyping",,1,₪58.13
32pcs Dual-Sided PCB Prototype Kit,C:\Users\Royma\Downloads\Temu Items 2\32pcs dual sided pcb prototype kit with 6 sizes for diy welding projects universal printed circuit board solder connections durable flexible electronics development electronics fabrication flexible electronics versat.html,,,"32pcs Dual-Sided PCB Prototype Kit with 6 Sizes for DIY Welding Projects - Universal Printed Circuit Board, Solder Connections, Durable & Flexible Electronics Development, Electronics Fabrication, Flexible Electronics, Versatile Sizes, Highquality Electronics | Power Mode : Uncharged Battery Properties : Without Battery Contact Material : Copper See all details and dimensions | With the perfect designed pre-tined holes on the board you can easily install any sensors and components you need. The high quality of glass fiber material and the great durability of the board can always meet you requirements in various situation. Specifications Dimension:2x8/ 3x7/ 4x6/ 5x7/ 6X8/ 7x9 CM Quantity: 32 pieces in total of 6 different sizes Thickness: about 1.6mm Material: Great quality of glass fiber FR4 Color: Green basic, silver tone Hole-pitch: 2.54 mm/ 0.1 inches","This versatile 32-piece dual-sided PCB prototype kit is perfect for DIY electronics enthusiasts looking to create custom circuits. With six different sizes ranging from 2x8 cm to 7x9 cm, these durable FR4 boards feature pre-tinned holes for easy soldering of components and sensors. The high-quality glass fiber construction ensures reliability in various projects, making it suitable for both beginners and experienced makers. Whether you're fabricating a simple circuit or a complex embedded system, this kit provides the flexibility you need for your electronics development.","pcb, prototype kit, electronics, diy, soldering, glass fiber, dual-sided, custom circuits, maker, embedded systems",PCB prototype kit,"custom circuit design, sensor integration, electronics prototyping, DIY electronics projects, embedded system development",32,32 pieces,₪26.23
37 Sensor Assortment Kit,C:\Users\Royma\Downloads\Temu Items 2\37 sensors assortment kit 37 sensors kit sensor starter kit - Temu.html,C:\Users\Royma\Downloads\Temu Items 2\37 sensors assortment kit 37 sensors kit sensor starter kit - Temu_files,"05c3cfbc-da3c-4295-bc1b-02f035696c4f(1).jpg, 05c3cfbc-da3c-4295-bc1b-02f035696c4f.jpg, 0a777644-ecf1-48ad-96de-b6ae9ee56608.jpg, 581a991f-6789-4562-b3e9-4e0014171fd6_750x725.png, 6403c9ab-a5e3-478c-a257-b931157ccc3e.jpg, 78f366b5-757f-4115-ba70-fdc194c1788a_300x300.jpeg, 7c10d238-9e0a-4bbe-8273-c1ed58eba2f3_750x803.png, dbefc805-8b89-4deb-b662-a21f3731fa43(1).jpg, dbefc805-8b89-4deb-b662-a21f3731fa43.jpg, f146b583-e911-43e5-bbfe-0deeec30dacf(1).jpg, f146b583-e911-43e5-bbfe-0deeec30dacf.jpg, fb13402e-d06b-42cd-a5db-4fa1aa867ff1_750x140.png",1 Set 37 Sensors Assortment Kit 37 Sensors Kit Sensor Starter Kit For Arduino Raspberry Pi Sensor Kit 37 In 1 Robot Projects Starter Kits For Arduino Raspberry Pi,"This 37 Sensor Assortment Kit is an essential resource for DIY electronics enthusiasts and makers. It includes a diverse range of sensors suitable for both Arduino and Raspberry Pi projects, making it perfect for beginners and experienced developers alike. With this kit, you can easily integrate various sensors into your robotics and automation projects, enhancing their functionality and interactivity. Ideal for prototyping, experimentation, and educational purposes, this kit provides a solid foundation for building innovative electronic systems.","sensors, arduino, raspberry pi, robotics, electronics, diy, prototyping, starter kit, automation, maker",sensor kit,"robotic arm, weather station, smart home system, obstacle-avoiding robot, environmental monitoring",1,37,
DC Digital Voltmeter 4.5-30V,C:\Users\Royma\Downloads\Temu Items 2\4.5 30 voltmeter voltage tester gauge bright led - Temu.html,C:\Users\Royma\Downloads\Temu Items 2\4.5 30 voltmeter voltage tester gauge bright led - Temu_files,"06a45491-79bc-4203-8968-f63ffe96e8bb.jpg, 09c4574ab6891ca90ddf447bed6a5a43.jpg, 10e4b89284bc762bad52767e9770cd02(1).jpg, 10e4b89284bc762bad52767e9770cd02.jpg, 1f841887baeab96da9495cba45489e51(1).jpg, 1f841887baeab96da9495cba45489e51.jpg, 44e018fd-f255-4633-988e-a90a22a653a1(1).jpg, 44e018fd-f255-4633-988e-a90a22a653a1.jpg, 4dd9493e-f644-4cb5-a82e-e4747c12b057.jpg, 5543443f299533fa3c1314f6d85bb097(1).jpg, 5543443f299533fa3c1314f6d85bb097.jpg, 75dc5b85025e2e5b0e3787e48cf8e28d(1).jpg, 75dc5b85025e2e5b0e3787e48cf8e28d.jpg, 80d5571b-81cf-4bbe-bb4d-ce7484fecd8f(1).jpg, 80d5571b-81cf-4bbe-bb4d-ce7484fecd8f.jpg, bd896ad2-8644-4d08-a226-93b1dda38a31_300x300.jpeg, fa6d1aab-b03b-4e53-98e2-a5fb9fb4752b(1).jpg, fa6d1aab-b03b-4e53-98e2-a5fb9fb4752b.jpg",1.42 cm DC 4.5-30V Digital Voltmeter Voltage Tester Gauge Bright LED Display Two Wires Volt Meter for Battery Monitor Panel Mount | Power Mode : Room electrical/hard wiring Operating Voltage : ≤36V Material : Plastic See all details and dimensions,"This compact DC digital voltmeter is designed for monitoring voltage levels in various electronic projects. With a voltage range of 4.5 to 30V, it is ideal for battery monitoring and panel mounting applications. The bright LED display ensures easy readability, even in low-light conditions. Its simple two-wire connection makes installation straightforward, making it a perfect addition to your DIY electronics toolkit.","voltmeter, digital, voltage, tester, gauge, led, display, battery, monitor, panel, electronics",voltage meter,"battery monitoring system, solar panel voltage display, DIY power supply, electronic project voltage testing",,1,₪5.46
Arduino Nano V3.0 Terminal Adapter,C:\Users\Royma\Downloads\Temu Items 2\4pcs 3 0 terminal adapter expansion boards pcb mount copper contacts for avr 328p _ Temu.html,C:\Users\Royma\Downloads\Temu Items 2\4pcs 3 0 terminal adapter expansion boards pcb mount copper contacts for avr 328p _ Temu_files,"13858d98-2642-45a3-9b2d-7d9d3a45e651(1).jpg, 13858d98-2642-45a3-9b2d-7d9d3a45e651.jpg, 30339f64-60e6-44fd-8cbd-2218209e25e7(1).jpg, 30339f64-60e6-44fd-8cbd-2218209e25e7.jpg, 36ad15e6-8452-472d-8591-6d5ae25ba232(1).jpg, 36ad15e6-8452-472d-8591-6d5ae25ba232.jpg, 3e37cb7a-9a49-4363-a635-d325806c891f(1).jpg, 3e37cb7a-9a49-4363-a635-d325806c891f.jpg, 6f5737d2-92fb-4289-8f2c-38e1a3b1cae4_300x300.jpeg, 72581d26-a1fb-4186-b9da-fea4c47e749f(1).jpg, 72581d26-a1fb-4186-b9da-fea4c47e749f.jpg, 8eb74210-7d79-45ea-9e4e-1cbf9f2a9566(1).jpg, 8eb74210-7d79-45ea-9e4e-1cbf9f2a9566.jpg, b65d47ba-ad7c-41c2-be97-c3f3f1100b6e(1).jpg, b65d47ba-ad7c-41c2-be97-c3f3f1100b6e.jpg, bdc8e211-2402-4cc9-8b56-b443685b102d(1).jpg, bdc8e211-2402-4cc9-8b56-b443685b102d.jpg, e0097ec0-e8f4-430a-9323-679d6f141f1e(1).jpg, e0097ec0-e8f4-430a-9323-679d6f141f1e.jpg","4pcs Nano V3.0 Arduino Terminal Adapter Expansion Boards - Easy Connect, Pcb Mount, Copper Contacts For Avr Atmega328P","This set of 4 Nano V3.0 Arduino Terminal Adapter Expansion Boards simplifies connections for your AVR ATmega328P projects. Each board features durable PCB mounting and copper contacts, ensuring reliable electrical connections. Ideal for prototyping, these adapters allow you to easily connect wires and components without soldering, making your workflow more efficient. Perfect for both beginners and experienced makers looking to streamline their setups.","arduino, nano, terminal adapter, expansion board, pcb mount, avr, atmega328p, electronics, prototyping",expansion board set,"Arduino robotics, sensor integration, DIY electronics projects, prototype development",4,4,
TP4056 Charging Module,C:\Users\Royma\Downloads\Temu Items 2\5 10pcs 5v 1a charging module 18650 micro lithium battery charging board micro type c usb charge module with protect module li ion charging board with functions _ Temu.html,C:\Users\Royma\Downloads\Temu Items 2\5 10pcs 5v 1a charging module 18650 micro lithium battery charging board micro type c usb charge module with protect module li ion charging board with functions _ Temu_files,"3bfcb646-9739-4ed2-ac03-b9b1fd6ad474.jpg, 5a1a907f-ff2a-46ec-84be-a9503a636a6a(1).jpg, 5a1a907f-ff2a-46ec-84be-a9503a636a6a.jpg, 86cae30d-da8b-482a-b2a3-517327750c15(1).jpg, 86cae30d-da8b-482a-b2a3-517327750c15.jpg, 8f17d751-96bf-498e-a7ec-bfb7187a2cad.jpg, cbe93ebd-3fe5-4237-b03c-1af99046ce04(1).jpg, cbe93ebd-3fe5-4237-b03c-1af99046ce04.jpg, d0e4f550-f308-4af6-a020-15c7a0f34190_300x3.jpeg, d83a5db6-d456-4c8d-86bd-d398e7bf0d2c.jpg, e83a2a8b-63f8-497a-b766-0f9d75fdf222.jpg, e8f87dbb-0898-4f62-9c16-ad5bd404e32a(1).jpg, e8f87dbb-0898-4f62-9c16-ad5bd404e32a.jpg, f46bb33c-6a85-41ad-a2d3-ea04cae3d5a2.jpg, f476f5ca-b307-4303-be9d-846ab9e4bf63.jpg",5/10pcs TP4056 5V 1A Charging Module 18650 Micro Lithium Battery Charging Board Micro Type-c USB Charge Module with Protect Module Li-ion Charging Board TP4056 with Dual Protection Functions | Power Mode : Battery Powered Operating Voltage : ≤36V Battery Properties : Without Battery See all details and dimensions | Package:5 PCS / 10 PCS Module Performance: Input Interface: Type-c USB / Micro USB The Input Voltage: 4.35-6V (recommended Voltage 5 V) Charge Cut-off Voltage: 4.2 V + / - 1% Maximum Charging Current Output: 1000 Ma The Battery Overcharge Protection Voltage: 4.28 V Battery Overcharge Lifting Voltage: 4.00 V The Battery Discharge Protection Voltage: 3.0 V Battery Overcharge Lifting Voltage: 4.00 V The Battery Discharge Protection Voltage: 3.0 V Battery Discharge Termination Voltage: 3.2 V,"The TP4056 Charging Module is designed for efficient charging of 18650 lithium batteries, making it an essential component for your DIY electronics projects. With a maximum charging current of 1A and dual protection features, it ensures safe operation by preventing overcharge and over-discharge. This module supports both Type-C and Micro USB inputs, providing versatility in power supply options. Ideal for battery-powered applications, it operates within a voltage range of 4.35-6V and features precise cut-off voltages for optimal battery health. Whether you're building portable devices or energy storage solutions, this charging module is a reliable choice.","tp4056, charging module, lithium battery, micro usb, type c, diy electronics, battery protection, 18650, power management",charging module,"portable power bank, battery-powered LED lights, DIY electric scooter, remote-controlled car, wearable tech",10,5-10 modules,₪6.37
NODEMCU LUA Jumper Wire Kit,C:\Users\Royma\Downloads\Temu Items 2\560pcs jump wire kit for electronic breadboard circuit jump wire kit 14 vaules 2 125mm for welding circuit _ Temu.html,C:\Users\Royma\Downloads\Temu Items 2\560pcs jump wire kit for electronic breadboard circuit jump wire kit 14 vaules 2 125mm for welding circuit _ Temu_files,"04a6c652-8547-4b88-a242-b2d8c389b121_800x800(1).jpeg, 04a6c652-8547-4b88-a242-b2d8c389b121_800x800.jpeg, 0ce8355e0622f0f82a8f2abda66ddd8b.jpg, 329b4d55fde0dae557c2647d731fc615.jpg, 3ee585e09d326c80c10ad24861198527(1).jpg, 3ee585e09d326c80c10ad24861198527.jpg, 3f7b3b608f2645d068565ca7c9f616f1.jpg, 45de6cb5230268154aba6f4a0f573c09.jpg, 47dbf882d64b327be15fad4ac0dd1c5f.jpg, 4cf9613d-d074-462d-ac24-edca96e83ed4_300x300.jpeg, 89cd2d544a951ab0fad3980ed309cb8a(1).jpg, 89cd2d544a951ab0fad3980ed309cb8a.jpg, fb25e7122c55e105beb20f7108820907.jpg","NODEMCU LUA 560pcs Jump Wire Kit for Arduino Electronic Breadboard Circuit Jump Wire Kit, 14 Vaules, 2-125mm for Welding Circuit | Measurements : 0000 Gauge Brand : NODEMCU LUA Power Mode : Uncharged See all details and dimensions | Features: Designed To Work Well With Any Breadboards Or Anywhere Jumper Wires Are Needed, Perfect For Breadboard Projects. This Kit Includes 14 Different Lengths Of Jumper Wires Which Can Satisfy All Your Need. These Wires Are Flexible, Durable And Easy To Connect And Disconnect, Ideal For Prototyping Use. 560 Pieces Jumper Wires In Total, 14 Lengths, 40 Pieces For Each Size. Come With A Plastic Box, Keep Your Jumper Wire Kit Organized, Convenient For Store And Fetch.","The NODEMCU LUA Jumper Wire Kit is an essential component for any DIY electronics lab, featuring 560 pieces of jumper wires in 14 different lengths. These flexible and durable wires are designed for easy connection and disconnection, making them perfect for prototyping and breadboard projects. The kit comes organized in a plastic box for convenient storage and retrieval, ensuring you always have the right length at hand. Ideal for both beginners and experienced makers, this kit will enhance your workflow in various electronic projects.","jumper wires, breadboard, prototyping, electronics, diy, arduino, flexible wires, durable, organized, NODEMCU",jumper wire kit,"breadboard circuits, Arduino prototypes, electronics experiments, DIY robotics, sensor integration",560,560,₪14.91
I2C OLED Display Module 128x64,C:\Users\Royma\Downloads\Temu Items 2\5pcs 0 91 i2c oled display module white blue high resolution 128x64 pixel screen copper alloy contacts solderable for diy electronics projects project display screens highresolution screen _ Temu.html,C:\Users\Royma\Downloads\Temu Items 2\5pcs 0 91 i2c oled display module white blue high resolution 128x64 pixel screen copper alloy contacts solderable for diy electronics projects project display screens highresolution screen _ Temu_files,"29a42ade-(1).jpg, 29a42ade-d70e-4.jpg, 394ae09e-(1).jpg, 394ae09e-b3f6-4.jpg, 539e3173-bf01-4.jpg, 5cc8570f-47b0-4.jpg, 69a0fcf7-1463-.jpeg, bd2f3838-(1).jpg, bd2f3838-79ab-4.jpg, ca5539e3-149a-4.jpg, d5fd0f7f-78b7-4.jpg, ed92fe29-e085-4.jpg, fb868c14-0ffd-4.jpg","5pcs 2.31cm I2C OLED Display Module - White/Blue High-Resolution 128x64 Pixel Screen, Copper Alloy Contacts & Solderable for Arduino Raspberry Pi DIY Electronics Projects, Project Display Screens, Compact Design, Highresolution Screen | Power Mode : Uncharged Battery Properties : Without Battery Contact Material : Copper Alloy See all details and dimensions","This set of five 2.31cm I2C OLED display modules features a high-resolution 128x64 pixel screen, perfect for a variety of DIY electronics projects. With copper alloy contacts, these modules are designed for easy soldering and integration with popular microcontrollers like Arduino and Raspberry Pi. Their compact design makes them ideal for projects where space is limited, while the vibrant white/blue display ensures clear visibility. Whether you're building a simple information display or a more complex data visualization tool, these OLED modules are a versatile addition to your electronics toolkit.","oled, display, i2c, arduino, raspberrypi, electronics, diy, module, highresolution, compact",display module,"information display, sensor data visualization, portable game console, smart home dashboard",5,5,₪51.94
USB Type-C 2P Solder Wire,"C:\Users\Royma\Downloads\Temu Items 2\5pcs 10pcs usb type c 2p solder wire mother head cable mobile phone charging cable - business, & science - Temu.html","C:\Users\Royma\Downloads\Temu Items 2\5pcs 10pcs usb type c 2p solder wire mother head cable mobile phone charging cable - business, & science - Temu_files","1d3e5aa718f8fb9d3d011907c72d3b71.jpg, 4644ef61d0adbb36b65f4b2900113bb9(1).jpg, 4644ef61d0adbb36b65f4b2900113bb9.jpg, 89e0c7a3f88e7a34b3fc634165cf56cd(1).jpg, 89e0c7a3f88e7a34b3fc634165cf56cd.jpg, 9174255f3932eec8a47fdcb85d23e79f.jpg, b3a9a5a80536eac5a8d39b4e67480b23(1).jpg, b3a9a5a80536eac5a8d39b4e67480b23.jpg, b64ac8b4c0b5f8091469af105f5cece2(1).jpg, b64ac8b4c0b5f8091469af105f5cece2.jpg",5pcs/10pcs USB Type-C 2P Solder Wire Mother Head Cable Mobile Phone Charging Cable | Power Mode : Room electrical/hard wiring Operating Voltage : ≤36V Contain Electronic Components/Motherboard : Does not contain electronic components or motherboard See all details and dimensions | Model: USB Type-C 2P Rated current: 3A Voltage: 20V Interface type: USB Number of Cores: 1 Number of Pin: 2 Package includes:5/10pcs/set,"This USB Type-C 2P solder wire is perfect for DIY electronics projects requiring reliable mobile phone charging solutions. With a rated current of 3A and a voltage capacity of up to 20V, these cables are suitable for various applications in microcontroller and embedded workflows. The wires come in sets of 5 or 10, making them a cost-effective choice for prototyping or repairs. Ideal for makers looking to create custom charging solutions or integrate USB Type-C connections into their designs.","usb type-c, solder wire, charging cable, diy electronics, microcontroller, embedded systems, prototyping, mobile phone, power supply",solder wire set,"custom charging station, portable power bank, USB Type-C adapter, electronics repair, microcontroller power supply",5,5-10 pieces,₪7.30
ABS Plastic Project Boxes,C:\Users\Royma\Downloads\Temu Items 2\5pcs instrument housings power junction boxes plastic chassis plastic electronic project boxes 100 60 25mm _ Temu.html,C:\Users\Royma\Downloads\Temu Items 2\5pcs instrument housings power junction boxes plastic chassis plastic electronic project boxes 100 60 25mm _ Temu_files,"00e5ef60e791baa791bb5f5a871f7d17(1).jpg, 00e5ef60e791baa791bb5f5a871f7d17.jpg, 06d6c5e2-a60c-11ee-b389-0a580a69f0b5(1).jpg, 06d6c5e2-a60c-11ee-b389-0a580a69f0b5.jpg, 10db3562db6b5f02fa0eef0dbbfd4666.jpg, 59ffca37-5acd-4088-a5e2-ebbf387d5c25_300x300.jpeg, c702e571e3cb27487a00ae6a2f7eed5e(1).jpg, c702e571e3cb27487a00ae6a2f7eed5e.jpg, f43c03c12e270afae25d3f064766ea0a.jpg, fddc37c271a4eba02ba5ccd8dd67d3d3.jpg",5pcs Instrument Housings/power Junction Boxes/plastic Chassis/plastic Electronic Project Boxes 100*60*25mm | Power Mode : Uncharged Major Material : ABS Finish Type : Unfinished See all details and dimensions,"These ABS plastic project boxes are perfect for housing your electronic projects and prototypes. With dimensions of 100mm x 60mm x 25mm, they provide ample space for your components while ensuring durability. The unfinished surface allows for easy customization, whether you want to paint or label them for better organization. Ideal for DIY electronics enthusiasts, these boxes can help keep your projects neat and secure.","abs, plastic, project box, housing, electronics, diy, junction box, prototype, enclosure",project housing,"Arduino enclosures, Raspberry Pi cases, sensor housing, custom electronics projects",5,5,₪14.84
LM2596 DC-DC Buck Converter Module,"C:\Users\Royma\Downloads\Temu Items 2\5pcs s step down variable volt regulator input 3 0 40v output 1 5 35v adjustable converter electronic voltage stabilizer power supply module - business, & science - Temu.html","C:\Users\Royma\Downloads\Temu Items 2\5pcs s step down variable volt regulator input 3 0 40v output 1 5 35v adjustable converter electronic voltage stabilizer power supply module - business, & science - Temu_files","28ac7bf09c7326216437cd5a2f0f4f3d(1).jpg, 28ac7bf09c7326216437cd5a2f0f4f3d.jpg, 2f1db7a5b29a4c5087c78afbb0f54777(1).jpg, 2f1db7a5b29a4c5087c78afbb0f54777.jpg, 3c587a6511e83c7fd395291d7ec21808.jpg, 8cded8f1f2c14499a2ee2f2d609a4cbd.jpg, a3b19a8d-95f6-4415-97b4-25a30bdde053_300.jpeg, b784cc792ca4fbfdccfc3237bf1f505b.jpg, d9d8afb208e54116787819b555924438.jpg",5pcs LM2596 LM2596S DC-DC Step Down Variable Volt Regulator Input 3.0-40V Output 1.5-35V Adjustable Buck Converter Electronic Voltage Stabilizer Power Supply Module | Battery Properties : Without Battery Item ID : QJ41834 Copy | LM2596S-ADJ 3-40V DC-DC adjustable step-down Voltage regulator power supply MODULE BOARD 3A Buck Converter LM2596s LM2596 Name : LM2596 DC-DC Buck module Input voltage :4V ~ 35V The output voltage : 1.23V ~ 30V Output Current :3A( Max) Conversion efficiency:92%( MAX ) Output ripple: <30mV Switching frequency: 150KHz Working temperature: -forty Five~ +85,"The LM2596 DC-DC Buck Converter Module is an adjustable voltage regulator designed for efficient power management in your DIY electronics projects. With an input voltage range of 3.0-40V and an adjustable output from 1.5-35V, this module is ideal for powering microcontrollers and other components that require stable voltage. It can handle up to 3A of output current with a high conversion efficiency of 92%, making it a reliable choice for various applications. The compact design and ease of use make it perfect for prototyping and integrating into your custom circuits.","buck converter, voltage regulator, lm2596, dc-dc converter, adjustable power supply, electronics module, diy projects, power management",voltage regulator module,"microcontroller power supply, battery management system, LED driver circuit, robotics power distribution, solar panel voltage regulation",5,5,₪17.78
TP4056 Type-C Lithium Battery Charger Module,C:\Users\Royma\Downloads\Temu Items 2\5v 1a charging module type c usb 18650 lithium - Temu.html,C:\Users\Royma\Downloads\Temu Items 2\5v 1a charging module type c usb 18650 lithium - Temu_files,"025f8aa468cc97d1a9ca60aa9ee32e8e.jpg, 11e036bb755a13bca334e954c9bae68e(1).jpg, 11e036bb755a13bca334e954c9bae68e.jpg, 2543feafd85a0891469bac631abaac8f.jpg, 43ff44419f576b0f7c916bb0d373e13e(1).jpg, 43ff44419f576b0f7c916bb0d373e13e.jpg, 505a22d7fd3df1d487538a6fb129cb62.jpg, a3b19a8d-95f6-4415-97b4-25a30bdde053_300x300.jpeg","15pcs 5V 1A TP4056 Charging Module Type-C USB 18650 Lithium Battery Charger Board With Protection | Material : Copper Power Mode : USB Charging Operating Voltage : ≤36V See all details and dimensions | The Type-C master and the +-pad of its side are the power input, and the 5V input voltage, B + lithium battery positive plate, B-lithium battery negative electrode. OUT +, OUT - Take the load, such as moving the roll-off board is negative or other load. Connect the battery to B +, B-, insert the phone charger to USB female seat, red light is on charging, blue light is bright.","This 15-piece set of TP4056 charging modules is designed for charging 18650 lithium batteries with a 5V input. Each module features a Type-C USB interface for convenient power supply and comes equipped with built-in protection for safe operation. Ideal for DIY electronics projects, these modules allow you to easily integrate battery charging capabilities into your designs. The clear indicators for charging status (red for charging, blue for fully charged) enhance usability in your projects.","tp4056, lithium battery, charger module, type-c, usb, diy electronics, battery protection, 18650, power supply, charging circuit",charging module,"portable power bank, battery-powered LED lights, DIY electric scooter, mobile device charger, remote-controlled car",15,15,₪16.66
Portable LED Magnifying Glass,C:\Users\Royma\Downloads\Temu Items 2\60 led magnifying glass mini pocket jewelry - Temu.html,C:\Users\Royma\Downloads\Temu Items 2\60 led magnifying glass mini pocket jewelry - Temu_files,"0f16323a4c1c4f3e834a64c993fb89ff-goods.jpeg, 170263c309e748d9833f4c5339c75971-goods(1).jpeg, 170263c309e748d9833f4c5339c75971-goods.jpeg, 1725158786523-8e0f27abe4dc4260a0e673d5009ef6f2-goods(1).jpeg, 1725158786523-8e0f27abe4dc4260a0e673d5009ef6f2-goods.jpeg, 1725158787166-b40a5f082e7f40a882173e856166abae-goods.jpeg, 1725158787957-d24a287da1fc48aeb154c3badbc5617b-goods.jpeg, 1725158788557-b9570e9ed3f94e46be9bd632bc881945-goods.jpeg, 1725158789020-f321c3fe7e174d27b94f44fc957d50c9-goods.jpeg, 1725158789700-9cd3571cf9ad44468d98f5f3e1a0e1fd-goods.jpeg, 1725158790082-bb996294025d47af8185e14e4778ae54-goods(1).jpeg, 1725158790082-bb996294025d47af8185e14e4778ae54-goods.jpeg, 1725158790526-c6444dc9b4c94b079e786a3f9a177530-goods.jpeg, 1725158791360-744f1f83fdf243c0963233c533c32fac-goods.jpeg, fcb5e152-adf8-4812-800a-3c00e9713873_300x300.png","60x Portable LED Magnifying Glass - Mini Pocket for Jewelry, Currency Detection & DIY Crafts | Color : Silvery Grey Power Supply : Dry Battery Power Battery Type : Button Battery (Diameter＜20mm) See all details","This 60x Portable LED Magnifying Glass is an essential tool for DIY enthusiasts and electronics hobbyists. Its compact design makes it perfect for inspecting small components, solder joints, and intricate details in jewelry or currency. The built-in LED illumination ensures clear visibility in low-light conditions, enhancing your precision in crafts and repairs. Powered by a button battery, it is easy to carry and use on-the-go, making it a versatile addition to your maker toolkit.","magnifying glass, led, portable, diy, electronics, crafts, inspection, jewelry, currency, tools",magnifying tool,"electronics repair, jewelry making, currency authentication, detailed craft work",,,₪10.64
PWM DC Motor Speed Controller,C:\Users\Royma\Downloads\Temu Items 2\] adjustable motor speed controller pwm 6v - Temu.html,C:\Users\Royma\Downloads\Temu Items 2\] adjustable motor speed controller pwm 6v - Temu_files,"0daf3745-a526-4a32-93ea-f9c39829dd8c_800x800.jpeg, 41db99f6-1579-465b-8a44-ac09dfe725d1.jpg, 434ef374-07c6-47f8-bea4-a826af8f262b.jpg, 87f5eed4-0900-4909-a7d2-1f30c4de7ba7(1).jpg, 87f5eed4-0900-4909-a7d2-1f30c4de7ba7.jpg, 89db7fcd-031f-4552-b0ee-cec49856ccca.jpg, 93a660f4-1335-4e8b-b3c3-5387fee4c876_300x300.jpeg, c92db1a7-5a9b-4c57-b062-683b5244dc01_1000x1000.jpeg, e3cb78aa-3a12-11ee-8bb5-0a580a6929c3.jpg, fa1837ad-19c0-4739-bcba-ccaa6bcdc937(1).jpg, fa1837ad-19c0-4739-bcba-ccaa6bcdc937.jpg, fcfb10b1-c09a-46c0-9c45-277de5ff52c3.jpg","[Compact Design] Adjustable DC Motor Speed Controller with PWM - 6V to 28V, 3A, Directional for Switch (Forward/Reverse), Overload Protection, for DIY Projects & Robotics | Battery Properties : Without Battery Power Mode : Room electrical/hard wiring Operating Voltage : ≤36V See all details and dimensions | Input voltage: DC6-28V Maximum current: 3A","This adjustable DC motor speed controller allows for precise control of motor speed and direction, making it ideal for various DIY projects and robotics applications. Operating within a voltage range of 6V to 28V and a maximum current of 3A, it features overload protection to ensure safe operation. The compact design makes it easy to integrate into your projects, whether you're building a simple robot or a more complex automation system. With the ability to switch between forward and reverse directions, this controller enhances the versatility of your motor-driven designs.","dc motor, pwm controller, speed control, robotics, diy electronics, adjustable voltage, overload protection, compact design, motor driver",motor speed controller,"robotic arm, automated vehicle, fan speed control, conveyor belt system, model train control",,1,₪8.43
A1X Intelligent Digital Multimeter,C:\Users\Royma\Downloads\Temu Items 2\a1x fully automatic anti burn multimeter - Temu.html,C:\Users\Royma\Downloads\Temu Items 2\a1x fully automatic anti burn multimeter - Temu_files,"06da2949-0842-4b9c-ba69-3bcfaf42abb6_300x300.jpeg, 223da80b-d441-4008-bc46-edec2b8d3094.jpg, 3939dd479b83ff6e056940cf14aa96cb.jpg, 49014975be398a4d82c1d4232c30d9d1.jpg, 546f4097-904b-436a-90ae-f2280352f068.jpg, 67686021-7492-40bb-886d-769e7b802365.jpg, 72af7151-3ff9-4338-8be0-aae1ceeeb00b.jpg, 730913ca9df7419c8f5fc0a4bb3e8339.jpg, 734da8c664084fd9db40fff7182bddf8.jpg, 7b1b5c4699151bafb4f966f4fba9061d.jpg, 837c9cee15d76e047b14ebaf43b54ae0.jpg, 9dc55f66-89da-40e7-83a3-7c0883a09f19.jpg, a6cdd234-19c2-4cc2-a860-14e0fbcbab2f.jpg, b116c158-fc78-4179-8062-d944de875c44.jpg, b7d322b6-dfeb-42c7-b9db-915d1cefa046(1).jpg, b7d322b6-dfeb-42c7-b9db-915d1cefa046.jpg, ed9f96496a5d4a6cc5408e24f59d70ed(1).jpg, ed9f96496a5d4a6cc5408e24f59d70ed.jpg","A1X Fully Automatic Anti-Burn Intelligent Digital Multimeter, Rechargeable Electrical Voltmeter Ohm Meter Tester, Smart Non Contact Fast Accurately Measures DC AC Diode Voltage, Current, Resistance, Continuity, Temperature, Live Wires Check | Material : Plastic Special Features : Rechargeable Display Type : Lcd See all details and dimensions | PROFESSIONAL VOLTAGE TESTER: The multimeter can also be used as a professional non-contact voltage tester. The sensitivity of the ac volt tester is adjustable. HIGH EFFICIENCY: Activating capacitance, diode, v-alert, or auto mode measurement under any function design makes testing more convenient, and greatly improves your efficiency. It also features a v-alert function for added safety.","The A1X Fully Automatic Anti-Burn Intelligent Digital Multimeter is an essential tool for any DIY electronics lab. This rechargeable voltmeter offers precise measurements for DC and AC voltage, current, resistance, and temperature, making it versatile for various projects. With its non-contact voltage testing capability and adjustable sensitivity, you can safely and accurately check live wires. The multimeter's user-friendly features, including auto mode and v-alert function, enhance efficiency and safety during your measurements.","multimeter,digital,voltmeter,electronics,testing,measurement,non-contact,rechargeable",digital multimeter,"home automation,robotics,DIY electronics repair,solar panel testing",,1,₪50.45
A4 LED Light Box,C:\Users\Royma\Downloads\Temu Items 2\a4 led light box drawing tablet usb powered adjustable - Temu.html,C:\Users\Royma\Downloads\Temu Items 2\a4 led light box drawing tablet usb powered adjustable - Temu_files,"1173f69e-6ab4-4dfd-9f5c-d8f83347856f.jpg, 1c5e326c-9373-4f7c-9f8a-4a81fe8c50b1.jpg, 1ede809741d4f9bc0c4981b4f79745ea.jpg, 41af0e5c-1ed7-4c13-973b-b1ab13d06ddb.jpg, 41ff60d5-9943-4956-bb1b-682644ace3e5.jpg, 4f12fe8a2f36704482117fc32f6f8c94.jpg, 5a15bba62c6633e48493daa2c4fceb5a.jpg, 70c00142-3ca3-4c03-b096-c913a460a068(1).jpg, 70c00142-3ca3-4c03-b096-c913a460a068.jpg, 7637bd6d-d3d4-4664-8bbd-23566d82cc6c(1).jpg, 7637bd6d-d3d4-4664-8bbd-23566d82cc6c.jpg, b89c2122-cfa7-46d0-b317-255ae73ab3d1_300x300.jpeg, c8576989-00f5-45a6-b8c1-b936c756c85a.jpg, f0897e6e-a493-4974-8472-e00eaf5bdce6(1).jpg, f0897e6e-a493-4974-8472-e00eaf5bdce6.jpg","A4 LED Light Box Drawing Tablet - USB Powered, Adjustable Brightness, Acrylic Art Tracing Pad for Painting and Writing, Perfect for Winter, New Year | Material : Acrylic Applicable Age Group : 14 Years+ Color : White See all details | Power supply by USB cable It can be adjusted brightness, it has 3 levels Specifications","The A4 LED Light Box is an essential tool for artists and crafters, providing a bright and adjustable light source for tracing and drawing. Powered by USB, it offers three levels of brightness, making it suitable for various lighting conditions. The acrylic surface is durable and easy to clean, perfect for both painting and writing projects. This light box is ideal for DIY enthusiasts looking to enhance their creative workflows with precision and clarity.","led light box, drawing tablet, usb powered, adjustable brightness, acrylic art, tracing pad, painting, writing, diy projects, craft tools",drawing tablet,"tracing artwork, calligraphy practice, sketching, crafting designs, lightbox animation",,1,₪38.59
Adjustable DC-DC Power Supply Module,C:\Users\Royma\Downloads\Temu Items 2\adjustable usb power supply module step _step voltage - Temu.html,C:\Users\Royma\Downloads\Temu Items 2\adjustable usb power supply module step _step voltage - Temu_files,"1700480127161-b84994d90d8c4cb783a1e329c3f52e39-goods(1).jpeg, 1700480127161-b84994d90d8c4cb783a1e329c3f52e39-goods.jpeg, 1700480127466-e86424d3daf346fe98a8be54f9de8d8c-goods.jpeg, 1700480127991-044a4478337e4de7a68d7b8047d0889f-goods.jpeg, 1700480128402-e8a86b92f0e44497850d022ccbd6604b-goods.jpeg, 1700480128740-d1907e4912e745a7a19a38084ab6f8f0-goods.jpeg, 1700480129123-4a805409fab940b4afec295fec3ece19-goods.jpeg, 1700480134742-384946317c2e4024ae45a0cea04b3981-goods.jpeg, 1700480135419-58fa2e224c3441ab80eba79b1bb1c80f-goods.jpeg, 34791405-8019-4370-86de-e89c634682cd_750x686.png, 7f7c0afa683fe9d9a435081cf26ee36a.jpg, 95f50ebe5d78415db5acfed28286fd7f.jpg, 9e201862-8753-46f2-b7c0-0e54143a2ffb_750x491.png, c0fbee06-7884-42ef-999c-94608c1b70b9_300x300.png, cd35d470ff23ee41f57beff0ef16a8c0(1).jpg, cd35d470ff23ee41f57beff0ef16a8c0.jpg, d38f37fa9299aa50035379c480cc7ecb.jpg, d57eeef8d64e28df4933f88047eb32bc(1).jpg, d57eeef8d64e28df4933f88047eb32bc.jpg, f09601ac-eaf0-412f-b41f-e7b662d8639a_750x296.png","Adjustable DC-DC USB Power Supply Module - Step Up/Step Down Voltage Regulator with 3.5-12V Input & 1.2-24V Output, Digital Display, Potentiometer Knob, Compact USB/Micro USB/Pins for Electronics Projects, Adjustable Power Supply","This adjustable DC-DC power supply module is perfect for your electronics projects, allowing you to step up or step down voltage with ease. With an input range of 3.5-12V and an output range of 1.2-24V, it provides versatile power options for various applications. The built-in digital display and potentiometer knob make it easy to monitor and adjust voltage levels on the fly. Compact and equipped with USB, Micro USB, and pin connections, this module is ideal for prototyping and powering microcontrollers or other electronic components.","dc-dc converter, power supply, adjustable voltage, electronics, prototyping, usb power, voltage regulator, digital display, compact module",power supply module,"Arduino projects, Raspberry Pi power supply, LED strip power management, battery charging circuits",,1,
Adjustable DC-DC USB Power Supply Module,C:\Users\Royma\Downloads\Temu Items 2\adjustable usb step up step down power supply 2v 24v adjustable output portable usb powered converter with usb ports for smartphones tablets cameras tech accessories versatile charging sleek construction electronics .html,,,"Adjustable DC-DC USB Step-Up/Step-Down Power Supply Module - 1.2V-24V Adjustable Output, Portable USB-Powered Converter with Compact Design & Easy-Connect USB Ports for Smartphones, Tablets, Cameras, Drones, Tech Accessories, Versatile Charging, Sleek Construction, Highquality Electronics | Power Mode : USB Operating Voltage : ≤36V Battery Properties : Without Battery See all details and dimensions | Versatile power supply module that can step up or step down voltage as needed Adjustable output range from 1.2V to 24V for maximum flexibility Converts 5V input to either 3.5V or 12V output, perfect for a variety of applications USB interface for easy and convenient power source Compact and portable design for on-the-go use","This versatile Adjustable DC-DC USB Power Supply Module allows you to step up or step down voltage from 1.2V to 24V, making it ideal for a wide range of DIY electronics projects. With a compact design and USB interface, it provides a convenient power source for smartphones, tablets, cameras, and drones. Its adjustable output capabilities ensure that you can power various devices with ease, whether you're in the lab or on the go. Perfect for makers looking to enhance their projects with reliable and flexible power solutions.","dc-dc converter, usb power supply, adjustable voltage, electronics, diy projects, portable power, step-up, step-down, compact design, maker tools",power supply module,"battery-powered devices, portable charging stations, custom electronics, drone power solutions, smartphone accessories",,1,₪6.60
30pcs Alligator Clip Test Leads Set,C:\Users\Royma\Downloads\Temu Items 2\alligator leads set double end jumper wires - Temu.html,C:\Users\Royma\Downloads\Temu Items 2\alligator leads set double end jumper wires - Temu_files,"034a65e8-ecd9-4c40-b540-258b338ea2e4_474x310.jpeg, 2fdd58db-5346-40b9-9a1a-0e0a33326cb3.jpg, 4fe1e87a-13c9-4166-8e49-12418e4947a5(1).jpg, 4fe1e87a-13c9-4166-8e49-12418e4947a5.jpg, 704eec20-58af-417e-ac48-534a9974c767(1).jpg, 704eec20-58af-417e-ac48-534a9974c767.jpg, 82bbd27a-665f-416d-bf14-a4bedf889384.jpg, 9d387cb3-9dda-4589-bd19-6b0f01c52bb4.jpg, 9e06cf42-3c4e-4e71-9f04-212b7e9369f7(1).jpg, 9e06cf42-3c4e-4e71-9f04-212b7e9369f7.jpg, aba22bd5-1e96-4cf1-bafc-fc9b7dc587cd(1).jpg, aba22bd5-1e96-4cf1-bafc-fc9b7dc587cd.jpg, c33ab27367fdccdcb2298cce300e2cad_1733724023081.jpg, e53e1f6b-0e1e-4d16-9ac8-f55493a5c7f0(1).jpg, e53e1f6b-0e1e-4d16-9ac8-f55493a5c7f0.jpg, ece36e2b-1530-4a13-874f-47e2eb350b57(1).jpg, ece36e2b-1530-4a13-874f-47e2eb350b57.jpg","30pcs Alligator Clip Test Leads Set with Double-End 50cm Jumper Wires - Colorful, Flexible, and Durable for Electronics and DIY Projects, DIY Electronics Setup|Vibrant Test Leads|Durable Construction, Alligator Clip Jumper Cables | Material : Other Power Mode : Uncharged Item ID : HY576559 Copy See all details and dimensions | Regarding this product: 1. It includes multi-colored test leads, with a total of 30 leads in 5 colors: 6 green, 6 white, 6 black, 6 yellow, and 6 red. 2. There are 60 alligator clips made from nickel-plated steel, featuring PVC insulators and vinyl-covered clips, designed with sturdy springs for easy installation. 3. The length is 19 inches, equipped with a strong built-in spring for a firm clamping force, with a maximum opening of 10mm, ensuring secure alligator clips for effective conduction.","This 30-piece alligator clip test leads set is perfect for any DIY electronics project. Each lead is 50cm long and comes in five vibrant colors, making it easy to organize your connections. The nickel-plated steel clips are durable and feature PVC insulators to ensure safety and reliability. With a strong built-in spring, these clips provide a firm grip for effective conduction, making them ideal for prototyping and testing circuits. Enhance your electronics setup with these flexible and colorful jumper wires.","alligator clips, jumper wires, test leads, electronics, diy projects, prototyping, colorful, durable, flexible, nickel-plated",test leads set,"circuit prototyping, breadboard connections, sensor testing, educational electronics, DIY robotics",30,30,₪22.05
Anti-Static ESD Precision Tweezers Set,C:\Users\Royma\Downloads\Temu Items 2\anti static esd precision tweezers set stainless - Temu.html,C:\Users\Royma\Downloads\Temu Items 2\anti static esd precision tweezers set stainless - Temu_files,"1ad92346-27b5-4f3c-a724-05013f7fde2e(1).jpg, 1ad92346-27b5-4f3c-a724-05013f7fde2e.jpg, 62e274f3-1611-416a-b9ea-2b4fc4f3710d.jpg, 83785c57-570b-46d1-87bf-f8444d1c8b34.jpg, 9047de40-158a-4f00-bb60-fb7fd87c76dd.jpg, a50fdff2-c5a4-4321-8467-a4e15e3e59b8(1).jpg, a50fdff2-c5a4-4321-8467-a4e15e3e59b8.jpg, c1a9b7b3-93d8-40eb-825d-845a3bfc233c(1).jpg, c1a9b7b3-93d8-40eb-825d-845a3bfc233c.jpg, f30fcfc9-62c4-48f7-9f10-32ee27b8eaed_300x300.png, f77d74d9-da6e-4779-801b-f897af60193a.jpg","WeluvFit 12pcs Anti-Static ESD Precision Tweezers Set - Stainless Steel - Perfect for Electronics Repair, Jewelry Making, Crafts & DIY Projects - Essential Tool for Technicians & Hobbyists, WELUVFIT | Material : Metal, Plastic Power Supply : Use Without Electricity Brand : WELUVFIT See all details","The WeluvFit 12pcs Anti-Static ESD Precision Tweezers Set is an essential tool for any electronics lab or DIY workspace. Made from durable stainless steel, these tweezers are designed to handle delicate components without the risk of static damage. Ideal for electronics repair, jewelry making, and various crafts, this set provides a range of precision tips to suit different tasks. Whether you're a technician or a hobbyist, these tweezers will enhance your workflow and improve your project outcomes.","anti-static, esd, precision tweezers, electronics repair, jewelry making, crafts, diy, tools, stainless steel",tweezers set,"electronics repair, jewelry crafting, model building, PCB assembly",12,12,₪31.46
B7000 Multipurpose Adhesive,C:\Users\Royma\Downloads\Temu Items 2\b7000 crafts clear - Temu.html,C:\Users\Royma\Downloads\Temu Items 2\b7000 crafts clear - Temu_files,"0974937cc09ecfde0b8595b693e420db.jpg, 144f3bdf760ffe51ac125ef4d390f82a(1).jpg, 144f3bdf760ffe51ac125ef4d390f82a.jpg, 319ec3ce-9f40-11ee-86e5-0a580a68309d.jpg, 40a8a8d50d001affa541f85a2d988cbf(1).jpg, 40a8a8d50d001affa541f85a2d988cbf.jpg, 4326ff084caea9ad0d96476a6e910147(1).jpg, 4326ff084caea9ad0d96476a6e910147.jpg, 7677e76b-e149-4b11-9a46-d098618dcc10.jpg, d401c45c0ffe5325777c34f2d30af42a.jpg, e11ee1ec77408dd47af65bff5f43fb10(1).jpg, e11ee1ec77408dd47af65bff5f43fb10.jpg, e3e32e1d-9171-4fa3-bcc4-74aff3b3fe97_300x300.jpeg, f34cc8dd60b4f8ccdbc68637d6d58b56(1).jpg, f34cc8dd60b4f8ccdbc68637d6d58b56.jpg, f80979d3-5f3d-4d3c-93a2-54d937f99b85(1).jpg, f80979d3-5f3d-4d3c-93a2-54d937f99b85.jpg","B7000 Rhinestone Glue for Crafts, 25/50/110ml Clear Super Jewelry Adhesive, Transparent Industrial Glue for Fabric, Phone Repair, Jewelry Making, Gems, Art Stones, Wood, Glass | Container Type : Tube Compatible Material : Plastic Item Form : Gel See all details | Why Choose B7000 Multipurpose Glue? - B7000 Multipurpose Super Adhesive is your top choice for jewelry making and crafts. This remarkable adhesive effectively seals off gases, liquids, and airflow, all while remaining transparent,, and highly elastic. Perfect for bonding crystals, metal, and various jewelry components, it's also ideal for a wide range of DIY projects, allowing you to create jewelry and crafts with your unique style","The B7000 Multipurpose Adhesive is an essential tool for any DIY maker working on microcontroller or embedded projects. Its clear, gel-like formula provides a strong bond for various materials, including fabric, glass, and metal, making it perfect for assembling intricate electronic enclosures or jewelry components. This adhesive is also resistant to gases and liquids, ensuring durability in your projects. Whether you're repairing devices or creating custom designs, B7000 offers the flexibility and strength needed for successful crafting.","adhesive, glue, crafts, jewelry, electronics, diy, multipurpose, clear, gel, repair",adhesive glue,"jewelry making, electronic enclosures, custom art pieces, device repair, craft projects",,,₪4.43
Basswood Strips and Squares Set,C:\Users\Royma\Downloads\Temu Items 2\basswood strips squares set natural unfinished - Temu.html,C:\Users\Royma\Downloads\Temu Items 2\basswood strips squares set natural unfinished - Temu_files,"3c5d09ac694bcb75360daf0a104d3fd4.jpg, 5a9defa51c161642297c6ba588c2db86.jpg, 6d4326f195e2fe2b8cb2f57c059de350.jpg, 9281e004a0a99cd3ee6eaec686801c72.jpg, 92d9e622-dd14-4da1-8902-0d922a206269_1000x1000(1).jpeg, 92d9e622-dd14-4da1-8902-0d922a206269_1000x1000.jpeg, 94de1974-f871-11ed-96bc-0a580a698dd1(1).jpg, 94de1974-f871-11ed-96bc-0a580a698dd1.jpg, c5fa1081-10d4-40a6-897d-3227b4a0725c(1).jpg, c5fa1081-10d4-40a6-897d-3227b4a0725c.jpg, eb5481a1-3974-48b7-97e4-f6bdfe3d7f14_300x300.jpeg","YeulionCraft 45pcs Basswood Strips and Squares Set - Natural Unfinished Wood for DIY Crafts, Model Building, and Construction - Easy to Cut, Smooth Surface, Durable Build | Material : Wood Color : White Item ID : FE12940 Copy See all details","This 45-piece set of basswood strips and squares is perfect for a variety of DIY electronics projects and model building. The natural unfinished wood is easy to cut and shape, making it ideal for creating custom enclosures or structural components in your designs. With a smooth surface and durable build, these pieces can be used in both prototyping and final projects. Whether you're building a model or crafting a unique electronic device, this versatile wood set will meet your needs.","basswood, woodcraft, model building, diy projects, electronics, prototyping, crafting, woodworking",wood crafting material,"custom enclosures, model structures, decorative elements, prototype bases",45,45 pieces,₪19.35
Dual Display Battery Tester,C:\Users\Royma\Downloads\Temu Items 2\battery capacity voltage tester - Temu.html,C:\Users\Royma\Downloads\Temu Items 2\battery capacity voltage tester - Temu_files,"1086dd07-55a1-4f8c-8636-6bcb7c2f816e.jpg, 7a3b89dc-6399-41b2-b59d-6400b86df240(1).jpg, 7a3b89dc-6399-41b2-b59d-6400b86df240.jpg, 953e66f2-234b-4739-8c30-c6020255c5bf(1).jpg, 953e66f2-234b-4739-8c30-c6020255c5bf.jpg, 95d39526-aa0a-4ae4-a4a0-d1a820fa18a8.jpg, b2271d89-d53f-4a6a-9b5b-61fe350966db.jpg, c90a3854-89ec-4bfb-a6e9-a4663bc929f1.jpg, c93bc261-90fb-4917-b8b0-bc69e070f32b_300x300.jpeg, f962c86f-9d14-4066-91f7-1ba7403355ff.jpg","Dual Display Battery Capacity & Voltage Tester - Easy Install, Durable ABS, LCD Backlit for Lead Acid & Lithium LiFePO4 Batteries, 8-100V Range, Quick Readout, Safe Reverse Polarity Protection, Wide Voltage Range | Power Mode : Room electrical/hard wiring Operating Voltage : 85V-265V Material : Plastic See all details and dimensions | Feature: 2 in 1 function: measure and display battery capacity and voltage. Dual display: capacity and voltage can be displayed at the same time, clear and easy to read. LCD Display: Large LCD screen with backlight for easy reading. Wide Operating Voltage Range: This battery monitor can withstand a wide operating voltage range from capacity, voltage to voltage (DC 7-68V)","This Dual Display Battery Capacity & Voltage Tester is perfect for DIY electronics enthusiasts looking to monitor battery performance. With its dual display functionality, you can simultaneously view both battery capacity and voltage, making it easy to assess battery health at a glance. The large LCD screen with backlight ensures readability in various lighting conditions. Designed for lead-acid and lithium LiFePO4 batteries, it operates within a wide voltage range of 8-100V, providing versatility for different projects. Its durable ABS construction and built-in reverse polarity protection make it a reliable tool for any electronics lab.","battery tester, voltage monitor, dual display, lcd, electronics, diy, lead acid, lithium, voltage range, capacity measurement",battery capacity and voltage tester,"battery health monitoring, solar power systems, electric vehicle battery management, DIY power supply projects",,1,₪19.18
Black Matte ABS Plastic Sheet,C:\Users\Royma\Downloads\Temu Items 2\black matte textured abs plastic sheet durable diy craft - Temu.html,C:\Users\Royma\Downloads\Temu Items 2\black matte textured abs plastic sheet durable diy craft - Temu_files,"6562243b-8b72-4fdb-bf2e-1ce7afc8b6fa(1).jpg, 6562243b-8b72-4fdb-bf2e-1ce7afc8b6fa.jpg, 7090674d-fd95-4695-80be-a951dfe403cb(1).jpg, 7090674d-fd95-4695-80be-a951dfe403cb.jpg, 895896fd-5757-4c47-a177-17c84e963887(1).jpg, 895896fd-5757-4c47-a177-17c84e963887.jpg, a74344a2-ea21-42e4-bc79-3af5fcfe26f8(1).jpg, a74344a2-ea21-42e4-bc79-3af5fcfe26f8.jpg, ae678b4b-587e-4d78-bb2f-a672cf5c2f5b(1).jpg, ae678b4b-587e-4d78-bb2f-a672cf5c2f5b.jpg, c51e2770-19f4-4c6d-9cb0-31f057f9702e(1).jpg, c51e2770-19f4-4c6d-9cb0-31f057f9702e.jpg, e4b2efd1-7fee-46b3-af82-0cc0ef708179_300x300.png, e70ce6e3-6479-487c-bc31-89279cf34c86(1).jpg, e70ce6e3-6479-487c-bc31-89279cf34c86.jpg, f549a422-6071-4255-ba76-91d6ea54d0ac(1).jpg, f549a422-6071-4255-ba76-91d6ea54d0ac.jpg","Black Matte Textured ABS Plastic Sheet, 30.48cm x 40.64cm, Durable DIY Craft & Home Decor Material, Stronger Flexibility Than PMMA, Matte, Sandpaper Texture, Acrylic | Material : Plastic Shape : Sheet Item ID : QY636504 Copy See all details and dimensions","This black matte textured ABS plastic sheet is a versatile material ideal for various DIY projects. Measuring 30.48cm x 40.64cm, it offers enhanced flexibility compared to PMMA, making it suitable for crafting and home decor applications. Its matte, sandpaper-like texture provides a unique aesthetic and can be easily cut or shaped for your specific needs. Use this durable material for prototyping, enclosures, or decorative elements in your microcontroller projects.","abs plastic, matte finish, diy crafts, home decor, flexible material, prototyping, electronics enclosure",plastic sheet,"custom enclosures, decorative panels, DIY signs, model making",,1,₪35.53
TTP223 Capacitive Touch Switch Module,C:\Users\Royma\Downloads\Temu Items 2\capacitive touch switch button sensor module 3.3v 5v self - Temu.html,C:\Users\Royma\Downloads\Temu Items 2\capacitive touch switch button sensor module 3.3v 5v self - Temu_files,"10a2b2ec75d620a6ced93a229e2e1553.jpg, 2cfee6d72c1d8b8f1b823d696d0fe4a4.jpg, 2e74c172-0459-45a5-b9fc-07fd56f2632a_300x300.jpeg, 5c036fb149d2b9d3dacf027d811d9572(1).jpg, 5c036fb149d2b9d3dacf027d811d9572.jpg, 5cf112817f76fc8538b0a872aacf47a9(1).jpg, 5cf112817f76fc8538b0a872aacf47a9.jpg, 5f78381a-837f-4c3b-bca3-6978f9b225e4_2000x2000(1).jpeg, 5f78381a-837f-4c3b-bca3-6978f9b225e4_2000x2000.jpeg, 874019be17321126154ec6dfc66ae787.jpg, bf677a828d02a9654277d0d3571126d4.jpg","20pcs Capacitive Touch Switch Button Sensor Module 3.3V 5V Self Locking Touching Button For Arduino + 2PCS 40 Pin Header | Contact Material : Copper Alloy Termination Type : Through Hole Pole & Throw Configuration : Spst See all details and dimensions | Description: The Module Is Based On A Touch-sensing IC TTP223 Capacitive Touch Switch Module, It Allows You To Avoid The Trouble Of Conventional Push-type Buttons. Specification: 1.Size:15*11mm / 0.59in*0.43in 2.Power:2.5-5.5V Trigger Setting Mode: (1- > Short ; 0- > No Short) AB=00:No-lock High TTL Level Ouput; AB=01:Self-lock High TTL Level Ouput; AB=10:No-lock Low TTL Level Ouput; AB=11:Self-lock Low TTL Level Ouput; Package Include: 20Pcs TTP223 Touch Key Switch Module 2Pcs 40 Pin Header","This pack includes 20 capacitive touch switch modules based on the TTP223 IC, designed for easy integration into your DIY electronics projects. With a voltage range of 2.5-5.5V, these modules eliminate the need for traditional push buttons, offering a sleek and modern touch interface. The self-locking feature allows for versatile triggering modes, making them perfect for various applications. Ideal for Arduino and other microcontroller projects, these modules come with 2 additional 40-pin headers for convenient connections. Enhance your projects with touch-sensitive controls and reduce mechanical wear with these reliable modules.","capacitive, touch, switch, module, ttp223, arduino, electronics, diy, sensors, self-locking",touch sensor module pack,"smart home controls, interactive displays, robotics, DIY game controllers, home automation systems",20,22,₪4.84
Copper Wire Soldering Iron Cleaner,C:\Users\Royma\Downloads\Temu Items 2\cleaning ball desoldering soldering iron mesh filter - Temu.html,C:\Users\Royma\Downloads\Temu Items 2\cleaning ball desoldering soldering iron mesh filter - Temu_files,"1009943c-9c0f-4dd2-9a4c-7694288b6ce8.jpg, 1a07e2e3d2df55e8d2fffe49e709a5e1.jpg, 374224a4-b58e-45e2-9369-d742586d9312.jpg, 54712b9ea1eeb0dcfbc3012c15ba8189.jpg, 76cb11a0-a405-494b-8cb4-f070f1e41fff_800x800(1).jpeg, 76cb11a0-a405-494b-8cb4-f070f1e41fff_800x800.jpeg, 81422c875209a2ed02d048f810d71d0b.jpg, 8cb0644ff36c05aabc0f4cbfadd0dccc(1).jpg, 8cb0644ff36c05aabc0f4cbfadd0dccc.jpg, a217604ea4343bd6fa034f509f1f0b8c.jpg, b43172d20a0f291db2011ff95307f728.jpg, bd18ad06dfee34b3d15869a22250f718(1).jpg, bd18ad06dfee34b3d15869a22250f718.jpg","1set Cleaning Ball Desoldering Soldering Iron Mesh Filter Cleaning Nozzle Tip Copper Wire Cleaner Ball Metal Dross Box Clean Ball | Material : Copper, Alloy Battery Properties : Without Battery Brand : lefavor See all details and dimensions | 1.This is a soldering iron cleaning ball,made of copper wire,is effective to remove soldering tin quickly and effortlessly. 2.It is pliable and soft texture,no harmless to your soldering head. 3.Used for cleaning soldering iron tips.","This copper wire cleaning ball is designed to keep your soldering iron tips in optimal condition. Its pliable and soft texture ensures that it effectively removes solder without damaging the tip. Ideal for DIY electronics projects, this cleaner allows for quick and effortless maintenance of your soldering tools. A must-have for any maker's workspace, it enhances the longevity and performance of your soldering equipment.","soldering, cleaning, copper, electronics, tools, diy, maker, maintenance",soldering iron cleaner,"PCB assembly, electronics repair, DIY gadgets",1,1,₪5.72
Multifunctional Cleaning Brush Set,C:\Users\Royma\Downloads\Temu Items 2\cleaning brush crevice cleaning multifunctional tool dust - Temu.html,C:\Users\Royma\Downloads\Temu Items 2\cleaning brush crevice cleaning multifunctional tool dust - Temu_files,"006968db16907d25e490cc1bcf2d58d6(1).jpg, 006968db16907d25e490cc1bcf2d58d6.jpg, 012747c271979fc26ff041d486c6624a.jpg, 7a7202d544d7f03c9662a152bbad8267.jpg, 8c1597bb-ebe5-4d20-b82a-ba62a3a1465f_300x300.jpeg, 9bdd4c18832a7ed1d5eab9146376a963(1).jpg, 9bdd4c18832a7ed1d5eab9146376a963.jpg, c30dcaeaee03836d96d01dae6ece3c23(1).jpg, c30dcaeaee03836d96d01dae6ece3c23.jpg, fbffa5a44c5d650731675e310538c2e4.jpg, ff4593ed-365c-41fc-8eb9-0c33e21075ae.png.slim.png","Cleaning Brush Crevice Cleaning Multifunctional Tool Dust Removal Soft Bristle Brush Cleaning 10pcs Set | Item ID : BA34461 Copy Origin : Guangdong,China","This 10-piece multifunctional cleaning brush set is perfect for DIY electronics enthusiasts looking to maintain their workspaces and tools. The soft bristles are ideal for safely removing dust and debris from delicate components and crevices without causing damage. Use these brushes to keep your microcontrollers, circuit boards, and other electronic parts in pristine condition. A clean workspace enhances your project efficiency and longevity of your equipment.","cleaning, brush, electronics, maintenance, tools, dust removal, soft bristle, multifunctional, DIY",cleaning tool set,"electronics maintenance, circuit board cleaning, workspace organization",10,10,₪5.51
Mini Adjustable Bench Vise,"C:\Users\Royma\Downloads\Temu Items 2\compact bench vise mini adjustable tabletop clamp for diy projects woodworking jewelry making crafts durable grip with precision engineering - business, & science - Temu.html","C:\Users\Royma\Downloads\Temu Items 2\compact bench vise mini adjustable tabletop clamp for diy projects woodworking jewelry making crafts durable grip with precision engineering - business, & science - Temu_files","0a3b1ece33c2aa0d61cf7c31fa470432.jpg, 1046f5d4-dc82-4f24-b28e-c8714987b7(1).jpeg, 1046f5d4-dc82-4f24-b28e-c8714987b743_800.jpeg, 371dc455-9f9e-4dbd-89c5-fc0bedfd9e53_300x.png, 5dca11d08032a12722b9c429cdd176fa.jpg, 5f0569e79dde48a8875801c3b3bc5ba3.jpg, cd5a5728e772905ba1557f3e8da26d85(1).jpg, cd5a5728e772905ba1557f3e8da26d85.jpg, e74c31b74cdb5a8336981b7e7e9e025c(1).jpg, e74c31b74cdb5a8336981b7e7e9e025c.jpg, ff4593ed-365c-41fc-8eb9-0c33e21075ae.png..png","Compact Bench Vise - Mini Adjustable Tabletop Clamp for DIY Projects, Woodworking, Jewelry Making & Crafts - Durable Metal & Rubber Grip with Precision Engineering | Material : Rubber, Metal Item ID : PL03536 Copy Origin : Zhejiang,China | Specifications: *1. Completely new and of high quality. *2. This bench vise is made from a cast aluminum body with a steel screw and handle, ensuring it is robust, highly durable, and suitable for long-term use. *3. This compact mini bench vise is lightweight and easy to transport, making it very space-efficient. *4. Versatile use: Ideal for crafts, hobbies, woodworking, jewelry making, model building, electronics, and more. Details: *1. Material: Aluminum *2. Maximum Jaw Opening: 30mm","The Mini Adjustable Bench Vise is an essential tool for any DIY electronics lab or workshop. Constructed from durable cast aluminum with a steel screw and handle, this vise offers robust support for a variety of projects. Its compact design makes it easy to transport and store, while the maximum jaw opening of 30mm accommodates various materials. Ideal for woodworking, jewelry making, and model building, this vise enhances precision and stability in your crafting endeavors.","bench vise, mini vise, adjustable clamp, woodworking, jewelry making, electronics, crafts, durable, portable",bench vise,"electronics assembly, model building, jewelry crafting, woodworking projects",,1,₪10.23
Heavy-Duty Electrical Connector Terminals,C:\Users\Royma\Downloads\Temu Items 2\compact lever type crimp connectors awg wires bronze - Temu.html,C:\Users\Royma\Downloads\Temu Items 2\compact lever type crimp connectors awg wires bronze - Temu_files,"12457972-6ac5-11ef-a471-0a580a686410.jpg, 6430ee4c751c3f69b51642b6692b9706.jpg, 830a1d5d-007e-4188-854e-d3a51846cc31.jpg, 83530a0e-8c18-4ad6-acc6-f051f00cb282(1).jpg, 83530a0e-8c18-4ad6-acc6-f051f00cb282.jpg, b42d7d69-ad6a-4006-b876-b0e62ad38b07_300x300.png, b7954061-4855-4ebe-81ad-09de350b597f(1).jpg, b7954061-4855-4ebe-81ad-09de350b597f.jpg, bbe8b5ce-5cbf-4139-9b72-8d2acd842f7d.jpg, d7f64f35-e572-4732-8f55-31c794b88f37.jpg, e52cb96848df178cf5e82df07aa5d9c8.jpg, f5fa46bf-ba10-494e-ba82-dbb3d52d72b6(1).jpg, f5fa46bf-ba10-494e-ba82-dbb3d52d72b6.jpg, feab6439-3ff4-4aba-b2ee-9261b58e750e(1).jpg, feab6439-3ff4-4aba-b2ee-9261b58e750e.jpg","20/40/50pcs Heavy-Duty Electrical Connector terminals - Copper Contact, Screw-Type Quick Connect Disconnectors for Automotive, Home, Industrial Wiring - Compatible with 28-12 AWG Wires - Organized Storage Box - Ideal for Electricians & DIY Projects | Insulation Type : Pvc insulated Contact Material : Copper Termination Type : Crimp See all details","These heavy-duty electrical connector terminals are perfect for a variety of DIY electronics projects. Made with durable copper contacts and designed for screw-type quick connect and disconnect functionality, they are compatible with 28-12 AWG wires. The included organized storage box ensures that you can easily access the terminals when needed. Ideal for automotive, home, and industrial wiring applications, these connectors are a must-have for any maker's toolkit.","electrical connectors, terminals, copper, automotive, wiring, diy, electronics, insulation, crimp, quick connect",electrical connector terminals,"automotive wiring, home automation, industrial control systems, DIY electronics projects",50,20-50 pcs,₪11.88
Arduino Starter Kit with Breadboard,C:\Users\Royma\Downloads\Temu Items 2\complete starter kit 830 point breadboard components - Temu.html,C:\Users\Royma\Downloads\Temu Items 2\complete starter kit 830 point breadboard components - Temu_files,"0273b4e7-b819-448a-819d-f633676c4543(1).jpg, 0273b4e7-b819-448a-819d-f633676c4543.jpg, 0860deb3-83aa-4ca5-87d8-a6b4c2efcb0b_300x300.jpeg, 72abd043-8268-48da-9718-6c55fdd1d78a.jpg, 7406025d-18ba-4db9-9d39-8dd22e947420(1).jpg, 7406025d-18ba-4db9-9d39-8dd22e947420.jpg, a7d602e1-8ae7-40f2-9f46-1bf2e39d09b3.jpg, adf2ed40-15be-4747-96de-76deca9ac010.jpg, e6ff8f6c-ee9e-4eee-9fcf-6e7fc14b287d(1).jpg, e6ff8f6c-ee9e-4eee-9fcf-6e7fc14b287d.jpg","Complete Arduino Starter Kit With 830-point Breadboard, Components For Beginners Including Power Supply, Buzzers, Buttons, Resistor Pack, LEDs, And Wire Jumpers – Durable Storage Box Included | Power Mode : Room electrical/hard wiring Operating Voltage : ≤36V Battery Properties : Without Battery See all details and dimensions | Package Included 1pc Power Supply Module WARNING: Pls. do not use the voltage higher than 9V 1pc 830 tie-points Breadboard 1pc 65 Jumper Wire 140pcs Solderless Jumper Wire 20pcs Female-to-male Dupont Wire (10pcs Female-to-male & 10pcs Female-to-female) 2pcs Pin header (40pin) 1pc Precision Potentiometer 2pcs Photoresistor 1pc Thermistor 5pcs Diode Rectifier (1N4007) 5pcs NPN Transistor (PN2222) 1pc IC 4N35 1pc IC 74HC595 1pc Active Buzzer 1pc Passive Buzzer 10pcs Button (small)","This comprehensive Arduino Starter Kit is perfect for beginners looking to dive into electronics and programming. It includes an 830-point breadboard, a variety of components such as buzzers, buttons, resistors, and LEDs, along with a durable storage box for easy organization. The kit also features essential wiring tools like jumper wires and Dupont connectors, making it a versatile choice for various projects. With this kit, users can easily prototype and experiment with their ideas, from simple circuits to more complex embedded systems.","arduino, starter kit, breadboard, electronics, diy, prototyping, components, beginners, programming, microcontroller",starter kit,"basic LED blink, temperature sensor project, simple buzzer alarm, light-sensitive LED, button-controlled LED",1,approximately 140,Est.₪27.53
CR2032 Battery Holder with Switch,C:\Users\Royma\Downloads\Temu Items 2\cr2032 battery holders _ switch single slot - Temu.html,C:\Users\Royma\Downloads\Temu Items 2\cr2032 battery holders _ switch single slot - Temu_files,"0811c269-d230-47df-9356-a56cbf2de835.jpg, 37ccef9b-0621-4ef6-aa13-c3d491833c22.jpg, 7810a617-c6d4-4950-97e8-f36a6c787b65(1).jpg, 7810a617-c6d4-4950-97e8-f36a6c787b65.jpg, 80c9c5cb-2f87-4ca3-a7c5-ea0834242212.jpg, a677fee7-c08f-4767-9dc9-ff2c4e0f4f0e(1).jpg, a677fee7-c08f-4767-9dc9-ff2c4e0f4f0e.jpg, d8606d78-7455-4659-ba89-17ada5de60be_300x300.jpeg, ef696440-4818-422f-9aca-3ef866693daa(1).jpg, ef696440-4818-422f-9aca-3ef866693daa.jpg","12-Pack CR2032 Coin Cell Battery Holders with ON/OFF Switch, Single Slot, Plastic Storage Box, 3V Battery Box with Leads Wire for Cases | Major Material : Other Plastic Power Mode : Room electrical/hard wiring Operating Voltage : ≤36V See all details and dimensions | This is a completely new product. It is a storage case for CR2032 coin cell batteries, featuring wire leads and an on-off switch. Ideal for DIY projects and maintenance of various DC devices. The design includes preinstalled wires and a snap-in feature for easy use without the need for screws. It is professionally made, lightweight, and portable. The built-in on-off switch eliminates the hassle of connecting a separate switch to the battery holder.","This 12-pack of CR2032 coin cell battery holders features an integrated ON/OFF switch and pre-installed wire leads, making them perfect for your DIY electronics projects. The lightweight plastic design allows for easy portability and storage, while the snap-in feature eliminates the need for screws, simplifying your setup process. Ideal for powering various DC devices, these holders provide a reliable and convenient power source. Use them in your next project to streamline battery management and enhance your circuit designs.","cr2032, battery holder, on-off switch, diy electronics, power management, portable, lightweight, snap-in, wire leads, storage case",battery holder,"LED projects, portable gadgets, DIY electronics, sensor power supply, small robotics",,12,Est.₪11.87
Multi-Material Cutter Kit,C:\Users\Royma\Downloads\Temu Items 2\cutter professional drywall cutting kit easy - Temu.html,C:\Users\Royma\Downloads\Temu Items 2\cutter professional drywall cutting kit easy - Temu_files,"17cf8dcd4c9ff6984e7a9cef0c7354e5.jpg, 6951ea06f86f7be3d27f6a5ae9dda58f.jpg, 785db1912c3d3089cc6b2f9b59cd067a.jpg, a5a37abab4a1744e9aa73655dc8832bd.jpg, aceb2fc12dcee5982903d9e51216f5e2.jpg, d2019102142f6118d6fdfa2cc6cab2ef.jpg, d33993c5f43d03f5f55a2701cf792c6a.jpg, db4a78560bdd42e6af3deeff380fed26(1).jpg, db4a78560bdd42e6af3deeff380fed26.jpg, dcd43140895d0e05520474a8185df97e(1).jpg, dcd43140895d0e05520474a8185df97e.jpg","Multi-Material Cutter Professional Drywall Cutting Kit - Easy Glide Precision Blades and 5m Tape Measure, Aluminum Alloy & TPR Plastic for Dust-Free Wallboard, Foam Board, KT Paper Cuts - Includes Pencil and 5 Extra Blades, Ideal for DIY and Pro Use | Material : Metal, Plastic, Aluminum Power Supply : Use Without Electricity Item ID : WN03587 Copy See all details","The Multi-Material Cutter Professional Drywall Cutting Kit is designed for precision and ease in various cutting tasks. With its easy glide precision blades and durable aluminum alloy construction, this tool is perfect for both DIY enthusiasts and professionals. The included 5m tape measure ensures accurate measurements, while the dust-free design makes it ideal for clean workspaces. This kit also comes with a pencil and five extra blades, making it a comprehensive solution for your cutting needs.","cutting tool, drywall cutter, precision blades, diy tools, professional use, aluminum alloy, dust-free, tape measure",cutting kit,"drywall installation, foam board crafting, KT paper projects, home renovation, model making",,8,₪48.86
nRF24L01+PA+LNA RF Transceiver Module,"C:\Users\Royma\Downloads\Temu Items 2\d pa lna rf transceiver module with sma connector compatible with 800 m long range 125 frequency channels 250kbps data rate copper quick connect 3 3 6 - business, & science - Temu.html","C:\Users\Royma\Downloads\Temu Items 2\d pa lna rf transceiver module with sma connector compatible with 800 m long range 125 frequency channels 250kbps data rate copper quick connect 3 3 6 - business, & science - Temu_files","0bd330d4-9398-4d57-85d5-b(1).jpg, 0bd330d4-9398-4d57-85d5-b1eaffd.jpg, 1512404e-0c39-46fc-8446-1(1).jpg, 1512404e-0c39-46fc-8446-1f3d874.jpg, 37842ca4-c460-4608-baf1-a(1).jpg, 37842ca4-c460-4608-baf1-af02afa.jpg, 5ed9b8ee-7f6b-45ef-87ef-2(1).jpg, 5ed9b8ee-7f6b-45ef-87ef-2ddb7da.jpg, 735702de-372b-42dc-a268-1bee38.jpeg, a98056c9-0749-4743-9b1d-3(1).jpg, a98056c9-0749-4743-9b1d-3ba649c.jpg, b214e264-f606-412f-8974-d(1).jpg, b214e264-f606-412f-8974-d9c8322.jpg, bdc064be-370b-4e91-a188-b(1).jpg, bdc064be-370b-4e91-a188-b61c980.jpg, ea3a959d-e72e-4ecb-aeb9-467dd61.jpg","D-FLIFE NRF24L01+PA+LNA RF Transceiver Module with SMA Connector, Compatible with Arduino & Raspberry Pi, 800+m Long Range, 125 Frequency Channels, 250kbps Data Rate, Copper Quick Connect, 3~3.6V Max | Power Mode : Uncharged Battery Properties : Without Battery Contact Material : Copper See all details and dimensions | Description: A host microcontroller can communicate and configure the nRF24L01+ over a 4-pin Serial Peripheral Interface (SPI). The configuration registers are accessible through the SPI connection. Configurable parameters include frequency channel (125 selectable channels), output power, and data rate (data rates: 250kbps, 1Mbps, and 2Mbps).","The D-FLIFE nRF24L01+PA+LNA RF Transceiver Module is an advanced communication module designed for seamless integration with Arduino and Raspberry Pi projects. With a long-range capability of over 800 meters and support for 125 frequency channels, this module allows for flexible wireless communication in various applications. It operates at data rates of 250kbps, 1Mbps, and 2Mbps, making it suitable for both low-power and high-speed data transmission. The module features a 4-pin SPI interface for easy configuration and control, enabling users to adjust parameters like output power and data rate. Ideal for DIY projects involving remote sensors, home automation, and robotics.","nrf24l01, rf transceiver, wireless communication, arduino, raspberry pi, spi interface, long range, embedded systems, diy electronics, maker projects",RF transceiver module,"remote sensor networks, home automation systems, wireless robotics, IoT applications, telemetry systems",,1,₪11.43
DHT22 Temperature & Humidity Sensor,C:\Users\Royma\Downloads\Temu Items 2\digital temperature humidity sensor - Temu.html,C:\Users\Royma\Downloads\Temu Items 2\digital temperature humidity sensor - Temu_files,"0b1a536f-7c52-4b68-9a85-cb77ee8443d2(1).jpg, 0b1a536f-7c52-4b68-9a85-cb77ee8443d2.jpg, 14a8119a-ab39-4b98-953c-00ec7964514b.jpg, 4a158766-1312-4384-803b-9a0597627aca.jpg, 4ad985ad-ff2e-44fb-8d04-6dbd1fc4abe4.jpg, 4fb10df9-ee01-4dbf-9911-a7aa75d4fcf1.jpg, 627ddd39-de46-4351-874e-0b801d3a27e8(1).jpg, 627ddd39-de46-4351-874e-0b801d3a27e8.jpg, 6b92bb00-e63d-4baf-900b-8cf4713337cd_300x300.jpeg, 7234ed7d-d86d-445d-ad77-f749f0242b3a.jpg, 88b8530b-465d-4648-9316-091800738705(1).jpg, 88b8530b-465d-4648-9316-091800738705.jpg, 891270eb-ab09-420f-bcc3-876b32c58d21(1).jpg, 891270eb-ab09-420f-bcc3-876b32c58d21.jpg, e3b4b08a-b7a8-4ee0-8e7d-d298a53e6f23.jpg, f86df6f8-15ed-11f0-a1d5-0a580a632787.jpg","1pc DHT22 Single-Wire Digital Temperature & Humidity Sensor AM2302 Module - No Battery, Uncharged, Includes Brown and Black Wires, Ideal for Home Automation and IoT Projects, Home Automation Sensor | Simple Design | Easy Installation, Weather Station Sensor | Material : Other Battery Properties : Without Battery Power Mode : Uncharged See all details and dimensions","The DHT22 sensor is a versatile digital sensor that measures both temperature and humidity, making it ideal for home automation and IoT applications. With a simple single-wire interface, it is easy to integrate into your microcontroller projects. This module comes with brown and black wires for straightforward installation. Its reliable performance makes it suitable for creating weather stations or monitoring environments in smart homes.","dht22, temperature sensor, humidity sensor, iot, home automation, weather station, electronics, microcontroller, diy, sensor module",sensor module,"home automation system, weather station, environmental monitoring, smart gardening, temperature logging",1,1,₪7.00
Mini Momentary Push Button Switches,C:\Users\Royma\Downloads\Temu Items 2\diy mini momentary push button switch horn blue white green - Temu.html,C:\Users\Royma\Downloads\Temu Items 2\diy mini momentary push button switch horn blue white green - Temu_files,"08de252baa732d884f7f61deea673a60.jpg, 1de400910e568411cfcff6656758a81b.jpg, 1e68f7d394d28b29c3478ddf53513f12.jpg, 3cb73fe5c9f05a7014579a51d62450e8.jpg, 3e8b5e92716df437ba465970066a6bb6.jpg, 5c022be4-c44f-498a-be43-4bcdfbcc944d.png, 67f9f4fa-6693-4115-ac89-ec360b67e166_300x300.jpeg, 694e7c4b21fce5322b638b649682c6cd.jpg, 6e10558c5aa2b3937a9b7f21cbb14e95.jpg, bafa4cbf7f74462fc5dc0fe57b7a32fa.jpg, c989f7b7-c806-4dc2-863b-f8d37c05fc3a(1).jpg, c989f7b7-c806-4dc2-863b-f8d37c05fc3a.jpg, d6fcdbd29d07f603cf54ec336dd2126c(1).jpg, d6fcdbd29d07f603cf54ec336dd2126c.jpg","7Pcs DIY Mini 12mm Momentary Push Button Switch Horn, Blue White Green Red Yellow Black, 1A 250V Self-reset | Power Supply : Use Without Electricity Material : Plastic Battery Properties : Without Battery See all details | Switch Type:Push Button Switch Origin:Mainland China Item Type:Switches Color:Red/Orange/Yellow/Green/Blue/White/Black Material:Plastic, Metal Mounting Hole:12mm","This set of 7 mini momentary push button switches is perfect for DIY electronics projects. Each switch has a 12mm mounting hole and comes in a variety of colors including blue, white, green, red, yellow, and black. With a current rating of 1A at 250V, these switches are ideal for low-power applications. They are self-resetting, making them suitable for interactive projects where momentary activation is required. Use these switches to enhance your microcontroller projects, control circuits, or create custom user interfaces.","push button, momentary switch, diy electronics, microcontroller, project components, colorful switches, low power, interactive design",switches,"DIY arcade button, custom keyboard, interactive LED display, robotics control panel",7,7,₪8.16
Mini Electric Grinder Set,C:\Users\Royma\Downloads\Temu Items 2\diy small electric grinder household hand held electric - Temu.html,C:\Users\Royma\Downloads\Temu Items 2\diy small electric grinder household hand held electric - Temu_files,"2fa2ead0366d60af64f95fb147bb32e4.jpg, 30445fb4d695498e18ce27b470039c32.jpg, 5ef3acf3-db70-4e14-9150-f71de8881be6_800x800.jpeg, 656bb164-91e0-4424-99a5-6c3f88109864_800x800.jpeg, a640e951-edcf-449a-a1f9-5fa6a00d7b30_800x800.jpeg, b3254731aaf61bd470fda5a634720286.jpg, b95b1fed-e1e0-4aeb-ac78-ff04635f3f6f_300x300.jpeg, c691f4bb5f9d066b109605687ac82c97(1).jpg, c691f4bb5f9d066b109605687ac82c97.jpg, c8fb9ddce35276a87b119a12bb72d794.jpg, d6aeb7bafd34ec009fd17673fcfc0a26.jpg, d6efdcbc-5de3-11ee-9f87-0a580a6929c3.jpg, d96a8eeb2bbc1f695be96d3c1a26167a.jpg, dc7f494f32d2b4fd2e49e6b8e2e205e0.jpg, e811a412-5de3-11ee-a399-0a580a69767f(1).jpg, e811a412-5de3-11ee-a399-0a580a69767f.jpg","1 Set DIY Home Mini Electric Grinder, Small Handheld Electric Engraving Machine, Artificial Jade Engraving Polishing Machine, USB Rechargeable Electric Grinder Set, Mini Electric Grinder Pen, Grinder Power Tool, Cordless Mini Grinder, Mini Grinder Cordless, Grinding Tool, Jewelry Making, DIY Projects, Compact Design, Handheld Tool, Smooth Operation, Rechargeable Battery, Engraving Pen, Polishing Device, Hobbyists, Jewelry Makers | Items Included : Battery Power Supply : Battery Powered (no Plug) Battery Properties : Rechargeable Battery See all details","The Mini Electric Grinder Set is an essential tool for DIY enthusiasts and hobbyists looking to enhance their engraving and polishing projects. This compact, handheld device is USB rechargeable, making it convenient for use in various settings without the need for a power outlet. Its smooth operation allows for precise control, ideal for intricate tasks such as jewelry making and engraving on artificial jade. With its portable design, this grinder is perfect for both beginners and experienced makers alike, enabling a wide range of creative applications.","mini grinder, electric grinder, engraving tool, polishing machine, usb rechargeable, handheld tool, diy projects, jewelry making, compact design, hobby tools",engraving and polishing tool,"jewelry engraving, jade polishing, model detailing, custom tool making, hobby crafts",1,1 set,Est.₪48.21
Double Headed Crocodile Clamp Wire,C:\Users\Royma\Downloads\Temu Items 2\double headed crocodile clamp wire wire red black - Temu.html,C:\Users\Royma\Downloads\Temu Items 2\double headed crocodile clamp wire wire red black - Temu_files,"1702974840000-bb0a13697708413bbd1c91d35418cf29-goods.jpeg, 1702974841554-9d76e516e21640309d4e711bbd5104b1-goods.jpeg, 1702974842005-698a520ae1e7475fad2c38ad3efce2f2-goods.jpeg, 1702974842896-7bba85d5bb0c4422a6adbbae4c18975c-goods(1).jpeg, 1702974842896-7bba85d5bb0c4422a6adbbae4c18975c-goods.jpeg, 1702974843910-a71ab602616444d6814a03d6cbd7cc1f-goods.jpeg, 1702974845266-baa547b2d625442a9c74393f7afed254-goods.jpeg, 3c94262e-70ee-4ac5-b1cd-159dcbaa4bee(1).jpg, 3c94262e-70ee-4ac5-b1cd-159dcbaa4bee.jpg, 56eb93ad-e4fd-4b73-85c9-f2c838dc57dc.jpg, 62abb51c-4932-4c66-af85-44dc22eaad75.jpg, ab0f1ec1-d2d8-4ea2-a8c4-5b8b7b37cdfd_300x300.jpeg, fbfa86de-f424-4dc2-b7f4-a2abc001014b(1).jpg, fbfa86de-f424-4dc2-b7f4-a2abc001014b.jpg","Double Headed Crocodile Clamp Wire, Power Test Wire, Red And Black 2-wire 4-clip, 2-to-2, Wire Length 1M","This double-headed crocodile clamp wire is perfect for prototyping and testing in your electronics projects. With a length of 1 meter and equipped with red and black clips, it allows for easy connections to power supplies, breadboards, and other components. The 2-to-2 configuration ensures versatility in connecting multiple devices simultaneously. Ideal for both beginners and experienced makers, this wire is a must-have for any DIY electronics lab.","crocodile clips, test wires, jumper wires, electronics, prototyping, diy, maker, power testing, breadboard, connectors",test wire set,"power supply testing, circuit prototyping, breadboard connections, sensor testing",,4 clips,
XENX Drawing Tablet,C:\Users\Royma\Downloads\Temu Items 2\drawing tablet abs material 8192 pressure levels 5080 - Temu.html,C:\Users\Royma\Downloads\Temu Items 2\drawing tablet abs material 8192 pressure levels 5080 - Temu_files,"221b92cced2b3dbf6bf1ded1f5a94f7b.jpg, 27ed6c2c796f144c3cf864d26806eca1(1).jpg, 27ed6c2c796f144c3cf864d26806eca1.jpg, 2c468b68-2b06-4636-9a51-d0b94d3a1ea7_1452x1407.png(1).a.png, 2c468b68-2b06-4636-9a51-d0b94d3a1ea7_1452x1407.png.a.png, 31f586586e0ed5b8dd26273069a75e7a.jpg, 334cd9a7-3df2-420f-8286-70ec2a73bd71_1390x915.jpeg, 3d7e538325d3e7aebf6ecdaedb1abc58.jpg, 4682aa57-bb4a-4e30-baf9-fe1760f1b4e0_970x600.png, 496040c5d48b05b2b481c0b331c91ca3(1).jpg, 496040c5d48b05b2b481c0b331c91ca3.jpg, 558173c2-5314-4fe3-9e26-74071eb180b3_1112x331.png, 98b5ff53-79bc-408d-a91f-5eac84d7b9aa_1113x355.png, d9358b8f-1b9c-4062-b585-705c954827ad_1000x1000.jpeg, e602ac8a-3947-43ce-97b0-96995ced9f49_300x300.png","1pc XENX Drawing Tablet, ABS Material, 8192 Pressure Levels, 5080 LPI Pen Resolution, 266 PPS Reporting Rate, 2 Programmable Buttons, No Battery, Compatible with Mobile & Computer, Portable Design for Digital Art, Animation, Industrial Design, and Handwritten Enthusiasts | Battery Properties : Without Battery Applicable Age Group : 14 Years+ Brand : XENX See all details and dimensions","The XENX Drawing Tablet is an essential tool for digital artists and makers, offering 8192 pressure levels and a high pen resolution of 5080 LPI. Its lightweight and portable design makes it perfect for on-the-go creativity, whether you're sketching, animating, or designing. With two programmable buttons, you can customize your workflow for maximum efficiency. This tablet is compatible with both mobile devices and computers, making it versatile for various projects. Ideal for DIY electronics enthusiasts looking to integrate digital art into their microcontroller projects.","drawing tablet, digital art, animation, industrial design, portable, programmable buttons, pressure sensitivity, maker tools",drawing tablet,"digital art creation, animation projects, industrial design sketches, handwritten notes digitization",1,,₪69.54
Lead-Free Low Temp Solder Wire,C:\Users\Royma\Downloads\Temu Items 2\free low temperature sn42bi58 wire 138 c melting point solid core tin alloy for electronics repair prototyping no flux included pcb spool design sleek metallic alloy _ Temu.html,C:\Users\Royma\Downloads\Temu Items 2\free low temperature sn42bi58 wire 138 c melting point solid core tin alloy for electronics repair prototyping no flux included pcb spool design sleek metallic alloy _ Temu_files,"0aacd5b7-eac0-4015-9d5f-b79673c5b2f0.jpg, 436d1f49-3a3b-4dc4-b33e-46edab452b75_.jpeg, 4c89d309-370e-40f9-941f-ebfc019e4a2d.jpg, 628cefcc-83d9-469b-ad38-116a960896e8.jpg, 696a63d0-25a6-4fbd-b189-3e1da102b58f.jpg, 71719538-b241-4025-9bf1-b54ff534(1).jpg, 71719538-b241-4025-9bf1-b54ff5346cd4.jpg, 810b00ac-272a-4b32-91ed-698c59bcb9a0.jpg, 982ad3f2-c069-42d7-9e43-f7d07f71a0f7.jpg, a89c6860-4902-44d7-bb20-38dd0859c745.jpg, b08f22b7-59dd-4ed8-a9f5-099da34db161.jpg, df2b5cb5-b88e-47cb-a8b2-c808acaed059.jpg, f349e033-9bbd-4a1e-8a68-577197d9(1).jpg, f349e033-9bbd-4a1e-8a68-577197d9d031.jpg","Lead-free low temperature solid core tin low melting point 138 degrees solder wire(No Soldering flux), Low Temp Soldering, Electronic Repair, Smooth Finish, Precision Soldering, Highquality Solder, Bismuth Content, No Flux Solder, Pcb Engineer, DIY Electronics | Lead Contained : No Material : Metal Brand : HAOXPNG See all details | Due to the lack of soldering flux in the tin wire, you cannot use it directly and need to use it together with the soldering flux. During use, it is recommended that the temperature of your soldering iron tip be between 180-220 degrees lsius (due to heat loss during use)","This lead-free low temperature solder wire is designed for precision soldering in electronics projects, with a melting point of just 138 degrees Celsius. Ideal for DIY electronics and electronic repairs, it ensures a smooth finish without the use of soldering flux. To achieve optimal results, pair it with appropriate soldering flux and maintain your soldering iron tip temperature between 180-220 degrees Celsius. This solder wire is perfect for PCB engineers and hobbyists looking for high-quality soldering solutions.","low temp solder, lead free, electronics repair, precision soldering, diy electronics, solder wire, bismuth solder, smooth finish, no flux solder",solder wire,"PCB assembly, electronic repairs, DIY electronics kits, custom circuit building",,1 roll,Est.₪19.73
Head-Mounted Magnifier with LED,C:\Users\Royma\Downloads\Temu Items 2\head mounted magnifying glass led light adjustable headband - Temu.html,C:\Users\Royma\Downloads\Temu Items 2\head mounted magnifying glass led light adjustable headband - Temu_files,"0ca0e0aa-3c5f-4f01-adf7-1219f1acfec4_750x335.png, 1713774060287-453afb772f424fcc8798a49458a7559d-goods.jpeg, 1713774060929-23f1907453b94bd4a0637dce20bacca3-goods.jpeg, 1713774061629-72fa9f529f514c44baf9e8f7c695443a-goods.jpeg, 1713774064593-156eca73f9944623b5632aa97db75684-goods.jpeg, 1713774066942-000a31fd987b43b5bc128a067f17a13f-goods(1).jpeg, 1713774066942-000a31fd987b43b5bc128a067f17a13f-goods.jpeg, 1713774069857-a78d62df377d4278b3586e0d8ca47f7e-goods.jpeg, 1713774070740-b17d4eb169034e93974360d5ab3755fb-goods(1).jpeg, 1713774070740-b17d4eb169034e93974360d5ab3755fb-goods.jpeg, 1713774073036-72dbb480c8ff4589a9ff522c64ec72fe-goods(1).jpeg, 1713774073036-72dbb480c8ff4589a9ff522c64ec72fe-goods.jpeg, 1713774077618-6593bdd9ff934919a94caf300c874e73-goods.jpeg, 1713774080093-fcbe0d48495c46e5a7017e0e4cce5c56-goods.jpeg, 1713774082496-d42a193ef1bd470a9f4d8f66bb8519e6-goods.jpeg, 1713774083391-76c1e88b7b3e41eaa93ba88f282d5dc9-goods.jpeg, 56969a4d-0c04-4159-b85b-81019781acc9_750x374.png, c1e98744-8d03-458b-890f-10bf02924922_750x257.png, fa6fac02-e5d3-4728-9b23-7c9442d94ad0_300x300.jpeg","Head-Mounted Magnifying Glass with LED Light | Adjustable Headband Loupe for Jewelry Making & Repair | Multi-Magnification 2.5x-25x Interchangeable Lenses | Hands-Free, Ergonomic Design | Includes Storage Case | Ideal for DIY Crafts, Electronics & Precision Work","This head-mounted magnifying glass is an essential tool for any DIY electronics lab. With adjustable magnification from 2.5x to 25x and interchangeable lenses, it allows for precise inspection and detailed work on small components. The built-in LED light enhances visibility, making it ideal for low-light environments. Its ergonomic design ensures comfort during extended use, while the included storage case keeps everything organized. Perfect for jewelry making, electronics repair, and intricate craft projects.","magnifier, head-mounted, led light, adjustable, ergonomic, diy, electronics, jewelry making, precision work, loupe",magnifying tool,"electronics repair, jewelry making, model building, precision crafting",,,
Heat Shrink Butt Connectors,C:\Users\Royma\Downloads\Temu Items 2\heat shrink butt wire connectors terminals electrical copper with a soldering sleeve bullet connector _ Temu.html,C:\Users\Royma\Downloads\Temu Items 2\heat shrink butt wire connectors terminals electrical copper with a soldering sleeve bullet connector _ Temu_files,"1c3647a6db536ccfb1c85ff2a535d94b(1).jpg, 1c3647a6db536ccfb1c85ff2a535d94b.jpg, 227fcbc7-bda0-4738-ae67-cf52ccaed9b7.jpg, 22e3b6aa-c7a4-4d70-afde-f796a9c4ee1e.jpg, 48df408698843c9e43d96008935f0d28.jpg, 4bc98fe2-0dbd-470a-8295-c7a2a0986232.png, 51994b71-acfc-4ab1-b453-a495d3afd9f8(1).jpg, 51994b71-acfc-4ab1-b453-a495d3afd9f8.jpg, 5762ba64-2d25-473c-bb01-9fe41f392bb5_1200x1200(1).jpeg, 5762ba64-2d25-473c-bb01-9fe41f392bb5_1200x1200.jpeg, 5bbb5092-02f0-41df-a473-4f475a1173c5.jpg, 727ee466-2588-4c4d-ae59-f26a06d8d2c8_1200x1200.jpeg, 7552a8ef7a65fe94289d6f5b686aab74.jpg, 7721ff5d03f1fef0382222e62349b7e9.jpg",Heat Shrink Butt Wire Connectors Terminals Electrical Copper with A Soldering Sleeve Bullet Connector | Power Mode : Uncharged Battery Properties : Without Battery Contact Material : Brass See all details and dimensions,"These heat shrink butt connectors are essential for creating reliable electrical connections in your DIY projects. Made from durable brass and featuring a soldering sleeve, they ensure a secure and insulated join for your wires. Ideal for use in various microcontroller and embedded applications, these connectors can withstand heat and provide excellent conductivity. Perfect for automotive, robotics, or home automation projects, they simplify the wiring process and enhance durability.","heat shrink, butt connectors, electrical terminals, soldering sleeve, brass, diy electronics, microcontroller, wiring, insulation",electrical connectors,"robotics wiring, automotive repairs, home automation, custom electronics projects",,10-50 connectors,₪12.45
Heavy Duty Kraft Bookbinding Board,C:\Users\Royma\Downloads\Temu Items 2\heavy duty bookbinding board 60pt thick chipboard - Temu.html,C:\Users\Royma\Downloads\Temu Items 2\heavy duty bookbinding board 60pt thick chipboard - Temu_files,"1fdaa76c-af6b-11ee-b389-0a580a69f0b5.jpg, 20de64d5-0872-4995-be57-374543c8a567(1).jpg, 20de64d5-0872-4995-be57-374543c8a567.jpg, 36be7b34-af6b-11ee-9217-0a580a68309d.jpg, 398e80d6-af72-4431-a3b7-e0ddc349e752_300x300.jpeg, 3d7d6700-af6b-11ee-b389-0a580a69f0b5.jpg, 4da0f390-af6b-11ee-91ee-0a580a69f0b5(1).jpg, 4da0f390-af6b-11ee-91ee-0a580a69f0b5.jpg, 5509f65e-af6b-11ee-b389-0a580a69f0b5.jpg, 622b6a3e-af6b-11ee-9217-0a580a68309d.jpg, 72576d87-751a-443d-862d-b1739154abaf(1).jpg, 72576d87-751a-443d-862d-b1739154abaf.jpg, 86cb13d5-3050-4a1d-9864-a9e7f8cab6d2(1).jpg, 86cb13d5-3050-4a1d-9864-a9e7f8cab6d2.jpg, d8fd1d7c-76c3-47e2-877c-123d6d07a8e6(1).jpg, d8fd1d7c-76c3-47e2-877c-123d6d07a8e6.jpg, eb453e59-f8f5-4bd0-b3ab-f70770cca1a2.jpg","5pcs Heavy Duty Kraft Bookbinding Board, 60pt Thick Chipboard Sheets for DIY Covers, Scrapbooking & Picture Frames - Matte Finish, Recyclable | Material : Paper Brand : obestda Item ID : CR60800 Copy See all details","This set of 5 heavy-duty kraft bookbinding boards is perfect for creating durable covers for your DIY projects. With a thickness of 60pt, these chipboard sheets provide excellent support for scrapbooking, picture frames, and other creative endeavors. The matte finish ensures a professional look while being recyclable, making it an eco-friendly choice for your crafts. Ideal for microcontroller projects that require custom enclosures or mounting surfaces, these boards can be easily cut and shaped to fit your needs.","bookbinding, kraft board, chipboard, scrapbooking, diy projects, recyclable, heavy duty, matte finish",crafting material,"custom enclosures, scrapbook covers, picture frames, DIY journals, model making",5,5 sheets,Est.₪20.25
Heavy Duty Cable Zip Ties,C:\Users\Royma\Downloads\Temu Items 2\heavy duty cable zip ties tensile strength self locking - Temu.html,C:\Users\Royma\Downloads\Temu Items 2\heavy duty cable zip ties tensile strength self locking - Temu_files,"040b500b74e500ea5fde308a24cd1298(1).jpg, 040b500b74e500ea5fde308a24cd1298.jpg, 0e36fed8ccf8a5c79e7c89c32833a991.jpg, 114a854651da8ff933735760e0299783(1).jpg, 114a854651da8ff933735760e0299783.jpg, 186730ce2b3f1972447ffda45e6176b4(1).jpg, 186730ce2b3f1972447ffda45e6176b4.jpg, 51fd66ec1e3f07602713c0af55cb940c(1).jpg, 51fd66ec1e3f07602713c0af55cb940c.jpg, 52dc89ad080bb5571d2ed6908cee3c5f.jpg, 682275f4-28a4-4414-8028-4fbd5ee76e9c_300x300.jpeg, bc8443c453c022fd82b0c5f9ca005b33.jpg, dd95366a694feb05b89616288c7a169b.jpg, e5aad6ae0628c8c91ea6e29c76cfbaa2.jpg, eb27c82f2148d9ed41d2818243f0d63e.jpg, fba8fe62c490cd3d03af056786cde5f7(1).jpg, fba8fe62c490cd3d03af056786cde5f7.jpg, ff4593ed-365c-41fc-8eb9-0c33e21075ae.png.slim.png","250pcs Heavy Duty Cable Zip Ties - 10.16-25.4 cm, 22.68 KG Tensile Strength - Self-Locking Black Nylon for Secure Indoor & Outdoor Use | Material : Nylon Item ID : DD24356 Copy Origin : Guangdong,China","These heavy-duty cable zip ties are perfect for organizing and securing wires in your DIY electronics projects. With a tensile strength of 22.68 KG, they can handle both indoor and outdoor applications, ensuring your setups remain tidy and safe. Made from durable black nylon, these self-locking ties are resistant to wear and tear, making them ideal for long-term use. Whether you're building a prototype or managing cables in a finished project, these zip ties are an essential addition to your toolkit.","cable management, zip ties, nylon, heavy duty, electronics, diy, organization, outdoor, indoor, secure",cable ties,"wire organization, prototype assembly, cable management, outdoor electronics setup",250,250,₪16.24
High-Torque JGA25-370 DC Motor,C:\Users\Royma\Downloads\Temu Items 2\high torque jga25 370 motor 6v 12v 24v options durable - Temu.html,C:\Users\Royma\Downloads\Temu Items 2\high torque jga25 370 motor 6v 12v 24v options durable - Temu_files,"27dce236b7f070caf9efb01198118998(1).jpg, 27dce236b7f070caf9efb01198118998.jpg, 46939254-3e6b-11ee-9f87-0a580a6929c3.jpg, 4f4fdb08-a0cc-4c74-97f2-f0c417970151.jpg, 74d96a178d9f0ea6227159eac16c39e2.jpg, 83e0f9914623568969d912d4ecec11bf.jpg, 93a660f4-1335-4e8b-b3c3-5387fee4c876_300x300.jpeg, 96d4c45d-de6b-473e-a80b-0960392c5d9c_800x800(1).jpeg, 96d4c45d-de6b-473e-a80b-0960392c5d9c_800x800.jpeg, 9ff6ba0e-3e68-11ee-a5e1-0a580a69767f.jpg, a107f328cfef760d262eeed637549c56.jpg, b9f1dc50bdaf2342906795724d57fb10.jpg, d28b39e0-a4f8-44a5-b9d7-d62d69b5d996_800x179.jpeg, ea0349ad564681a73680076c11fe038d(1).jpg, ea0349ad564681a73680076c11fe038d.jpg, f085dc2e-8766-4adb-9013-6b4548b7008f_800x800.jpeg","High-Torque JGA25-370 DC Motor - 6V, 12V, 24V Options, Durable Metal Gearbox, 12/60/280/620/1360rpm, 9kg.CM, 25mm Diameter, for DIY Projects & Robotics | Power Mode : Room electrical/hard wiring Operating Voltage : ≤36V Battery Properties : Without Battery See all details and dimensions | Specifications: Rated Voltage: DC 12V No-load Speed: 12rpm, 60rpm, 280rpm, 620rpm, 1360rpm Max Power: 3W Max Torque: 9KG.CM Motor Diameter: 25mm Shaft diameter: 4mm, D type Shaft length: 12mm","The High-Torque JGA25-370 DC Motor is an excellent choice for your DIY robotics and automation projects. With a durable metal gearbox and multiple speed options ranging from 12 to 1360 RPM, this motor can handle various tasks requiring significant torque. Its compact design features a 25mm diameter and a D-type shaft, making it easy to integrate into your designs. Operating at voltages up to 36V, this motor provides reliable performance for both hobbyists and professionals alike. Ideal for applications in robotics, conveyor systems, and more.","dc motor, high torque, robotics, diy projects, metal gearbox, 12v motor, automation, electronics, motor control, embedded systems",DC motor,"robotic arms, automated vehicles, conveyor belts, hobbyist robots, motion control systems",,1,₪18.97
Silicone Finger Protectors for Hot Glue,C:\Users\Royma\Downloads\Temu Items 2\hot gun finger protectors silicone finger protectors - Temu.html,C:\Users\Royma\Downloads\Temu Items 2\hot gun finger protectors silicone finger protectors - Temu_files,"0b77a1c4-e688-47d1-9918-c5da89d19ce6_1439x1500.jpeg, 1567fe92bf154626c88585e29946cd1e.jpg, 2b253b02-df2c-4968-8c2f-c1f25bac474a_300x300.jpeg, 3add8ea13b81b27d6d67b28fe72306fe(1).jpg, 3add8ea13b81b27d6d67b28fe72306fe.jpg, 85fa6fc32a4e5dd0cfc8766d4dfd41e3.jpg, 8a6742dc01b951f2105dc35d0f76288e(1).jpg, 8a6742dc01b951f2105dc35d0f76288e.jpg, b011b30376f660bd722cf1a0b75baf50.jpg, bf850285a5c1b722e5979431d34ab3b0.jpg, c142b485-7be3-43b0-9591-8ea1965847f2_800x800(1).jpeg, c142b485-7be3-43b0-9591-8ea1965847f2_800x800.jpeg, ec6cab07-be9a-4acc-a622-f1e787c44aae_1500x1491.jpeg, f3f7ff88-ccf4-4938-b06f-7457023cd8bf_800x800.jpeg, f77b1756-babd-4653-a268-56969a0f0284_800x800.jpeg","3pcs, Hot Glue Gun Finger Protectors, Silicone Finger Protectors, Finger Protectors, Finger Protectors For Hot Glue, Silicone Thimble, Hot Glue Finger Protectors, Finger Guard","These silicone finger protectors are essential for any DIY enthusiast working with hot glue. They provide a safe barrier against burns and allow for precise application without the risk of injury. Designed for comfort and flexibility, these protectors can be used repeatedly, making them a sustainable choice for your crafting needs. Ideal for projects involving electronics, crafts, and repairs, they ensure your fingers stay safe while you focus on your work.","silicone, finger protectors, hot glue, crafting, diy, safety, electronics, thimble, reusable",safety accessories,"electronics assembly, craft projects, model building, home repairs",3,3 pieces,
L298N Motor Driver Module,C:\Users\Royma\Downloads\Temu Items 2\l298n control board module stepper motor - Temu.html,C:\Users\Royma\Downloads\Temu Items 2\l298n control board module stepper motor - Temu_files,"00810550-136e-458b-a149-6a567a273699(1).jpg, 00810550-136e-458b-a149-6a567a273699.jpg, 1a84d8c2-8a95-4a82-88d3-4392c1dc19fb.jpg, 4ce4e4e8-7a5f-40fa-9df2-3aade9438493(1).jpg, 4ce4e4e8-7a5f-40fa-9df2-3aade9438493.jpg, 9fa36b87-beac-4dcb-9643-ccd6db44f58b.jpg, b4f3ea82-8593-4d23-ad74-f024593dbf42_300x300.jpeg, bebcd0a8-a8db-4c3d-a8e6-42aedd40f1dc(1).jpg, bebcd0a8-a8db-4c3d-a8e6-42aedd40f1dc.jpg, d04cfde4-bfc9-410f-8888-a44dd38113d2.jpg, da75722f-a52f-4a9d-ad34-26fe0d419463.jpg","1pc/4pcs L298N Motor Driver Control Board Module Stepper Motor DC Dual H Bridge Arduino Smart Car Power Supply UNO MEGA R3 Mega2560 | Battery Properties : Without Battery Power Mode : Room electrical/hard wiring Operating Voltage : ≤36V See all details and dimensions | Main control component: L298N Operating mode: H-bridge drive (dual) Logic voltage: 5V Logic current: 0~36mA Driving voltage: 5~35V, if you need to take power from the board, then the power supply range 7V~35V Driving current: 2A Storage temperature: -20°C to +135°C Power: ≤25W Control signal input voltage range: low level -0.3V≤vin≤1.5V, high level: 2.3V≤vin≤Vss Input voltage range of convenience signal: low level -0.3V≤vin≤1.5V (signal is invalid), high level: 2.3V≤vin≤Vss (signal is valid)","The L298N Motor Driver Control Board is an essential component for driving DC motors and stepper motors in your DIY robotics projects. With dual H-bridge capability, it allows for bidirectional control of motors, making it ideal for applications like smart cars or automated systems. This module operates with a logic voltage of 5V and can handle driving voltages up to 35V, providing flexibility for various power supply configurations. Its robust design supports a driving current of up to 2A, ensuring reliable performance in demanding applications. Integrate this module into your microcontroller projects to bring your creations to life with precise motor control.","motor driver, l298n, h-bridge, robotics, arduino, electronics, motor control, diy, embedded systems",motor driver module,"smart car, automated robot, remote-controlled vehicle, conveyor belt system",1,1,₪27.29
L298N Motor Driver Module,C:\Users\Royma\Downloads\Temu Items 2\l298n controller board module stepper motor - Temu.html,C:\Users\Royma\Downloads\Temu Items 2\l298n controller board module stepper motor - Temu_files,"335ecb78587d92f1811c3953b8a0c0f3(1).jpg, 335ecb78587d92f1811c3953b8a0c0f3.jpg, 6cb5af09241a43cad8059e11fd9b2b5c.jpg, 7129f638d4558406f7f2bce3b707debb(1).jpg, 7129f638d4558406f7f2bce3b707debb.jpg, 78f366b5-757f-4115-ba70-fdc194c1788a_300x300.jpeg, a28c6d74ec92e6fa73101ba32b891d0c(1).jpg, a28c6d74ec92e6fa73101ba32b891d0c.jpg, d3dd1ce51fd7af18e6f707820d0dbe67(1).jpg, d3dd1ce51fd7af18e6f707820d0dbe67.jpg",4pcs L298N Motor Driver Controller Board Module Stepper Motor DC Dual H-Bridge For Arduino Smart Car Power MEGA R3 Mega 2560 | Material : Plastic Brand : FUSUPI Battery Properties : Without Battery See all details and dimensions | Specification: Chip: ST L298N dual H-bridge driver chip Logic voltage: 5V Logic current 0mA-36mA Storage Temperature: -20 ¡æ to +135 ¡æ Operating mode: H-bridge driver (dual) Drive voltage: 5V-35V Drive current: 2A (MAX single bridge) Maximum power: 25W,"The L298N Motor Driver Module is an essential component for controlling DC motors and stepper motors in your DIY robotics projects. With its dual H-bridge configuration, it allows for bidirectional control of motors, making it ideal for applications like smart cars and robotic arms. The module operates with a logic voltage of 5V and can handle a drive voltage of 5V to 35V, supporting up to 2A per bridge. This makes it a versatile choice for various motor control tasks in your microcontroller or embedded systems projects.","motor driver, l298n, robotics, arduino, embedded systems, dc motor, stepper motor, h-bridge, electronics, diy",motor driver module,"smart car, robotic arm, automated conveyor, remote-controlled vehicle, home automation system",4,4,₪23.60
Large Transparent Storage Box,C:\Users\Royma\Downloads\Temu Items 2\large transparent thickened fixed grid plastic storage box - Temu.html,C:\Users\Royma\Downloads\Temu Items 2\large transparent thickened fixed grid plastic storage box - Temu_files,"40e31c25d55c04dd473525181b59c844.jpg, 4af2a00158163d183e4b3576dc9263be(1).jpg, 4af2a00158163d183e4b3576dc9263be.jpg, 6b3833ecb38719733bbf79b2711112cc.jpg, 92e220357f79f2858131a990a7e5c14c(1).jpg, 92e220357f79f2858131a990a7e5c14c.jpg, 938aecfe-c495-4ec6-9619-4124e3a9c1ba_300x300.jpeg, ce1aca5f1b35bfcca24703915d4c609a(1).jpg, ce1aca5f1b35bfcca24703915d4c609a.jpg",1PC Large Transparent Thickened 24 Grids Fixed Grid Plastic Storage Box - Transparent Jewelry Box | Material : Plastic Closure Type : Snap Style : Boho See all details,"This large transparent storage box features 24 grids, making it ideal for organizing small electronic components, tools, or DIY project parts. The thickened plastic construction ensures durability while allowing you to easily see the contents at a glance. Its snap closure keeps everything secure, making it perfect for both home and lab use. Whether you're a hobbyist or a professional, this storage solution will help streamline your workflow and keep your workspace tidy.","storage, organizer, plastic, transparent, grid, diy, electronics, components, tools, lab",storage box,"component organization, tool storage, jewelry making, small parts sorting",1,24 grids,₪11.82
LDQ Heat Gun,C:\Users\Royma\Downloads\Temu Items 2\ldq heat gun compact powerful european standard plug (type - Temu.html,C:\Users\Royma\Downloads\Temu Items 2\ldq heat gun compact powerful european standard plug (type - Temu_files,"1702709750093-d891afcb5db8416aa172112c53bbb269-goods.jpeg, 1702709751278-c9b39dba73f745c5839ef9cf36383213-goods.jpeg, 1702709752775-9bd3ff75be56428bad30f07f6ad91b7b-goods.jpeg, 1702709753368-79342e1454d148d2b9484f1dca3491d9-goods.jpeg, 1702709754477-44d0544be61c4e5ab9d25baa894f29c9-goods.jpeg, 1702709754909-db04348708f2445e917448b4314c68b4-goods.jpeg, 1702709755995-dff986f1af05407a9a8180860abc8bd5-goods.jpeg, 1702709756575-dda3d6677f5646ff873449eecdd5fba9-goods.jpeg, 2ea924cf-8d33-49b3-9b81-f22ab1c0c743_300x300.png, 4f3b1b74-bfd8-4f9f-870a-a19b51fc9a79.jpg, 513c5744-7ce3-4832-8178-5c97ac1115b1.jpg, a39e35b2-f472-4e2b-ad0d-8bf8bb4dea95(1).jpg, a39e35b2-f472-4e2b-ad0d-8bf8bb4dea95.jpg, c3425794-c280-425e-a361-ddcf5eb7d242.jpg, d0ba15a1-67f1-410f-8e01-77d8c9cfb5c3(1).jpg, d0ba15a1-67f1-410f-8e01-77d8c9cfb5c3.jpg, e711a4dc-4830-4eb4-a33d-7b59e936dbf5(1).jpg, e711a4dc-4830-4eb4-a33d-7b59e936dbf5.jpg","1pc LDQ Heat Gun - Compact & Powerful with European Standard Plug (Type, Voltage 220-230V), Professional & Household Use for Shrink Wrapping, Crafts, DIY Projects, Heavy-Duty Heating Tool - Ideal for Beginners & Professionals, Ergonomic Handle Design, Textured Grip Handle, Portable Design, Sturdy Build, Craft Enthusiasts | Power Mode : Power Supply Operating Voltage : 220V (inclusive) - 230V (inclusive) Plug Type : European Standard Plug See all details and dimensions","The LDQ Heat Gun is a versatile tool perfect for both professional and DIY projects. With a compact design and ergonomic handle, it provides a comfortable grip for extended use. Operating at 220-230V with a European standard plug, this heat gun is ideal for shrink wrapping, crafting, and other heating applications. Its heavy-duty performance makes it suitable for a variety of tasks, from hobby projects to more demanding professional uses. Whether you're a beginner or an experienced craft enthusiast, this heat gun will enhance your workflow.","heat gun, diy tools, crafting, electronics, shrink wrapping, portable tools, ergonomic design, professional use",heat gun,"shrink wrapping, soldering electronics, crafting, paint removal, plastic bending",1,,₪26.99
3MM 12V Pre-wired LED Lights,C:\Users\Royma\Downloads\Temu Items 2\led 12v pre wired fixed bracket cable bulb led light - Temu.html,C:\Users\Royma\Downloads\Temu Items 2\led 12v pre wired fixed bracket cable bulb led light - Temu_files,"2375a794c031dc2787a5431ceb949c59(1).jpg, 2375a794c031dc2787a5431ceb949c59.jpg, 28af4f1f4a114a2cf1cf9aa4a24f8839.jpg, 33d8bcf8a5677886d3f7125e367139bd.jpg, 40bf8e40-fd2a-4579-b0db-9efe4644e486_1500x1469.jpeg(1).a.jpeg, 40bf8e40-fd2a-4579-b0db-9efe4644e486_1500x1469.jpeg.a.jpeg, 48a5baeab9af076e6f9ed02c58fe7a9c.jpg, 54e22bf3-7010-48a5-b121-57081e209ea1_958x998.jpeg.a.jpeg, 643fc0d0-c818-45c6-9f9b-4eb9028ab059_1479x1500.jpeg, 6c4416d247448539c9ac29618b788e56.jpg, 85abf8e460ed91fbca665419541b0160.jpg, 86804a3c-dadc-4d54-bdf7-d4d36ec3593d_1500x1469.jpeg, a0381ec6-b034-4ddb-889c-ec02d750d9cc_800x642.png, a9ed4a01-ec7b-4610-a45b-f9772f2de25a_800x800.jpeg, d7d4299ac9046c92def2983aa6ac9928.jpg, da584cd2d6467aa0dae79d02cbd76c40.jpg, dbb622340dc4e048882fc283bd973efe.jpg","20pcs/50pcs 3MM LED 12V Pre-wired With Fixed Bracket Cable Bulb LED Light Emitting Diode, 12V DC LED Light, Mini LED Light Emitting Diode Model Combination Kit DIY,, 12 Volt Mini Single LED Bulb | Power Mode : Room electrical/hard wiring Operating Voltage : ≤36V Material : Composite Material See all details and dimensions | Details 【Specification】 High Efficiency, Durable. Energy Saving, Low Power Consumption. Type: LED Wired Light Material: Electrical Components Voltage: DC 12V Power: 0.25W Cable Length: 20.6cm/8.1inch (Approx.) LED Size: 3mm/0.12in (Approx.) 【Note】 Due To The Light And Screen Setting Difference, The Item's Color May Be Slightly Different From The Pictures. Please Allow Slight Dimension Difference Due To Different Manual Measurement. Package Includes: 20PCS/50pcs LED Wired Lights+Lamp cover","This kit includes 20 or 50 pieces of 3MM pre-wired LED lights, perfect for various DIY electronics projects. Each LED operates at 12V DC and consumes only 0.25W, making them energy-efficient and ideal for low-power applications. The fixed bracket and 20.6cm cable length provide flexibility for installation in tight spaces. Whether you're creating ambient lighting or integrating them into a larger project, these mini LEDs are a reliable choice for makers and hobbyists alike.","led, pre-wired, 12v, diy, electronics, lighting, energy-efficient, mini, components",LED light kit,"ambient lighting, model displays, DIY electronics projects, decorative lighting, robotics",20,20-50 pieces,Est.₪13.84
9V Battery Snap Connectors,C:\Users\Royma\Downloads\Temu Items 2\long 9v battery snap connectors black steel contacts red - Temu.html,C:\Users\Royma\Downloads\Temu Items 2\long 9v battery snap connectors black steel contacts red - Temu_files,"57dc1dbb-dd61-4c23-b558-2687cdec9829_300x300.jpeg, 58d36072e2efef27280cef6cee8d8274(1).jpg, 58d36072e2efef27280cef6cee8d8274.jpg, 5bd5b1adaa2d04ececc3a3b21eb3e919(1).jpg, 5bd5b1adaa2d04ececc3a3b21eb3e919.jpg, 6bb69f23-30c3-48f6-a186-2400dfc768f0_800x800(1).jpeg, 6bb69f23-30c3-48f6-a186-2400dfc768f0_800x800.jpeg, 962a17782aa4c1bc1817d8466e5244c5(1).jpg, 962a17782aa4c1bc1817d8466e5244c5.jpg, 9952ac1ad03025a2c3ec57fca7f0e205.jpg, da973315ac29e7f1a79598466d84e480.jpg, de2faaa5ef5c62a62959e82a616a77c4.jpg, fcd974309ed756bffad29cbc1f498fb3.jpg, ff4593ed-365c-41fc-8eb9-0c33e21075ae.png.slim.png","10pcs 15cm Long 9V Battery Snap Connectors - Black Steel Contacts with Red and Black Wires, Ideal for DIY Projects and Electronics Assembly, Electronics Accessories | Snap Connector | Durable Battery Holder, Battery Operated Accessories | Item ID : DQ06888 Copy Origin : Fujian,China","This pack of 10 durable 15cm long 9V battery snap connectors is perfect for your DIY electronics projects. Each connector features black steel contacts and comes with red and black wires for easy connection. Ideal for powering various battery-operated devices, these connectors streamline your assembly process and ensure reliable performance. Whether you're building prototypes or creating custom circuits, these snap connectors are essential for any electronics enthusiast.","9v battery, snap connector, electronics, diy projects, battery holder, connectors, assembly, prototyping",battery connector set,"battery-powered circuits, custom LED projects, portable devices, DIY electronics prototypes",10,10,₪5.27
Manual Dust Blower,C:\Users\Royma\Downloads\Temu Items 2\manual dust blower computer keyboard powerful air blower - Temu.html,C:\Users\Royma\Downloads\Temu Items 2\manual dust blower computer keyboard powerful air blower - Temu_files,"2378045e-fb6a-4f0c-ab20-13ae2cde4315_300x300.png, 26b75e9ae522cd6cc9e31fd54e908249(1).jpg, 26b75e9ae522cd6cc9e31fd54e908249.jpg, 43fbba87a69074c33c0d9915db6bf254.jpg, 6a6d80249c6597c6584f0b23d370a287.jpg, 78f4fbabc67ddb54e5d8e4e6bf875e1f.jpg, b0281ff3-146d-4fa1-982a-688bad1f664a(1).jpg, b0281ff3-146d-4fa1-982a-688bad1f664a.jpg, d1f09c6f-f5a2-46ba-900d-f5939e97246b.jpg, fcadc06194b79948220e1268112914f4.jpg, ff4593ed-365c-41fc-8eb9-0c33e21075ae.png.slim.png","Manual Dust Blower, Computer Keyboard Powerful Air Blower, For Laptop Camera And Mobile Phone Dust Removal Tool 1pc Of Cleaning Tool | Item ID : RM29384 Copy Origin : Guangdong,China","This Manual Dust Blower is an essential tool for maintaining the cleanliness of your electronics. It provides a powerful stream of air, making it ideal for removing dust from keyboards, cameras, and mobile devices. Perfect for DIY enthusiasts, this blower helps ensure your projects remain free from debris that could affect performance. Compact and easy to use, it is a must-have for any electronics lab or workspace.","dust blower, cleaning tool, electronics maintenance, air blower, manual tool, keyboard cleaner, camera care, mobile phone care",cleaning tool,"keyboard maintenance, camera cleaning, mobile device upkeep",1,,₪5.20
Mini Cordless Rotary Tool,C:\Users\Royma\Downloads\Temu Items 2\mini cordless rotary tool li 3 rotation speed - Temu.html,C:\Users\Royma\Downloads\Temu Items 2\mini cordless rotary tool li 3 rotation speed - Temu_files,"155f1c52-6cdb-4229-9cf6-f4723fbd1fc5_300x300.jpeg, 218a61575c553807988e9233780e571a.jpg, 27842965-f82d-4ff8-be52-28c90fa38d4f.jpg, 38bafc47564e0645abc1ca233ec685ef(1).jpg, 38bafc47564e0645abc1ca233ec685ef.jpg, 4bc98fe2-0dbd-470a-8295-c7a2a0986232.png, 5bbb5092-02f0-41df-a473-4f475a1173c5.jpg, 7cb38b31-1e32-499b-8913-6a298b4a2cff(1).jpg, 7cb38b31-1e32-499b-8913-6a298b4a2cff.jpg, 8fbf9687-d7ca-4502-af08-c4def83acad9(1).jpg, 8fbf9687-d7ca-4502-af08-c4def83acad9.jpg, b7acd207-4b0c-4172-a4d8-6479387056e2.jpg, b9c95207-4afc-4a0f-b6a9-1ed7d3dbc6ac.jpg, c04c97e1bcf7a8afbfc6afaf1bde0803.jpg","1 Set Mini Cordless Rotary Tool with Li-ion Battery, 3 Rotation Speed 5000rpm-15000rpm, Portable USB Charging, Multi-Purpose Power Rotary Tool with Accessories for Grinding, Sanding, Carving, Polishing, DIY Creations | Recommended Usage : Grinding Power Supply : Battery Powered (no Plug) Battery Properties : Rechargeable Battery See all details | Warning The use of any other acssories or attachments that are not recommended in this instruction man-ual may present a risk of personal injury If the machine does not work, do not repair it yourself，Servi ·Have vour power tool servid by a qualified repair person using only identical replament parts. This will ensure that the safety of the power tool is maintained.","This Mini Cordless Rotary Tool is an essential addition to any DIY electronics lab. With a powerful Li-ion battery and three adjustable rotation speeds ranging from 5000 to 15000 RPM, it provides versatility for various tasks such as grinding, sanding, carving, and polishing. Its portable USB charging feature allows for convenient use in any workspace, making it ideal for microcontroller and embedded projects. Whether you're fine-tuning components or creating intricate designs, this tool enhances your creative capabilities.","cordless, rotary tool, mini tool, grinding, sanding, carving, polishing, rechargeable, portable, usb charging, diy",rotary tool,"custom enclosures, circuit board modifications, detailed model crafting, jewelry making, small part assembly",1,1,₪52.88
LCD1602 I2C Display Module,C:\Users\Royma\Downloads\Temu Items 2\module _yellow_green 16x2 character - Temu.html,C:\Users\Royma\Downloads\Temu Items 2\module _yellow_green 16x2 character - Temu_files,"07948f0f-efee-4d89-872e-b01562048152(1).jpg, 07948f0f-efee-4d89-872e-b01562048152.jpg, 38989b3f-a79e-4dca-ba52-62be3bba7198(1).jpg, 38989b3f-a79e-4dca-ba52-62be3bba7198.jpg, 75c68907-a0d7-4971-8415-2a568b38489e.png, 772e1ad7-650e-44c5-b0c8-7a8469746622.jpg, 7e7c79fe-65c7-4542-8504-5b1028a59c7e(1).jpg, 7e7c79fe-65c7-4542-8504-5b1028a59c7e.jpg, 8dc71433-bfa7-4893-8119-3472cd21e087(1).png, 8dc71433-bfa7-4893-8119-3472cd21e087.png, 9f2978eb-702c-4a97-863d-32e51962b9b6(1).jpg, 9f2978eb-702c-4a97-863d-32e51962b9b6.jpg, ee1b39c1-1f5c-4be4-8c83-5411fa8e966f_300x300.jpeg, fcbcb826-a9dc-11ee-9217-0a580a68309d(1).jpg, fcbcb826-a9dc-11ee-9217-0a580a68309d.jpg","ROHS LCD1602 Module - Vibrant Blue/Yellow/Green 16x2 Character Display, Metal, Hardwired, 36V & Under, IIC I2C Interface, 8mm 3.14"" Size for Arduino Projects, Display Module|Backlit LCD|Metal Casing","The LCD1602 I2C Display Module is a versatile 16x2 character display perfect for Arduino projects. With vibrant backlighting options in blue, yellow, and green, this module enhances visibility in various lighting conditions. Its I2C interface simplifies wiring and reduces the number of pins required, making it ideal for compact designs. The robust metal casing ensures durability in DIY applications. This display is an excellent choice for projects that require user interfaces or data visualization.","lcd, display, i2c, arduino, electronics, module, character, backlit, metal, rohs",display module,"Arduino user interface, temperature display, DIY scoreboard, data logger, message board",,1,
16mm Momentary Push Button Switch R13-507,C:\Users\Royma\Downloads\Temu Items 2\momentary push button switch r13 507 self recovery reset - Temu.html,C:\Users\Royma\Downloads\Temu Items 2\momentary push button switch r13 507 self recovery reset - Temu_files,"1b0a128a7e60171d2f60edc83267f86f.jpg, 2b8d43c8c0672db99a7f856d0e0e9b8a(1).jpg, 2b8d43c8c0672db99a7f856d0e0e9b8a.jpg, 4cd297bbfd0b7a407a86c5e3ef2de35b.jpg, 61b83a40d23285e90073fa5d5b65ee49(1).jpg, 61b83a40d23285e90073fa5d5b65ee49.jpg, 67f9f4fa-6693-4115-ac89-ec360b67e166_300x300.jpeg, 6b776ffc1e325546b9edca5ccc2b2380(1).jpg, 6b776ffc1e325546b9edca5ccc2b2380.jpg, d1247405906b753d448b869b02de54a3.jpg, d2a8a609280d3b946f01b2bdc2221f26.jpg, d520644aafda0116b1e61e0c6d0c92ce.jpg, edc34637a0350144bc4df21fdf44d0c0.jpg, f1dad4d0237148e43019dfef4934705c(1).jpg, f1dad4d0237148e43019dfef4934705c.jpg",12pcs 16mm Momentary Push Button Switch R13-507 Self-Recovery Reset Button | Power Supply : Hard-Wired Acceptable Voltage Range : Below 50 V Battery Properties : Without Battery See all details | Current:3A Material:Plastic Features:momentary push button switch Model Number:R13-507 Switch Type:Push Button Switch Origin:Mainland China Item Type:Switches,"This set of 12 momentary push button switches is perfect for DIY electronics projects. Each switch features a 16mm diameter and is rated for a current of 3A, making them suitable for a variety of applications. With a self-recovery reset mechanism, these switches are ideal for creating user interfaces or control panels in your microcontroller projects. They can operate at voltages below 50V, allowing for flexibility in power supply options. The durable plastic construction ensures longevity in your setups.","momentary switch, push button, electronics, diy, microcontroller, embedded, project components, switches",push button switches,"control panel, arcade button interface, DIY alarm system, remote control, interactive display",12,12,Est.₪12.13
DC Motor Speed Controller 20A,C:\Users\Royma\Downloads\Temu Items 2\motor speed control reversible pwm 20a 9 60v 36v safe - Temu.html,C:\Users\Royma\Downloads\Temu Items 2\motor speed control reversible pwm 20a 9 60v 36v safe - Temu_files,"0269c1fa-f988-4876-9529-5b7cf60bd41a_1500x1500.jpeg, 04f4197fcddfcf89874a2662148dccdc.jpg, 0a4264c0-9a88-43a5-9fad-d1e6777d6e30_1500x1500.jpeg, 6e66f1aabbeab4dd0fd434484ac353b7(1).jpg, 6e66f1aabbeab4dd0fd434484ac353b7.jpg, 7eba10ef-11ee-494f-9cba-742c09ea4c21_1500x1500(1).jpeg, 7eba10ef-11ee-494f-9cba-742c09ea4c21_1500x1500.jpeg, 93a660f4-1335-4e8b-b3c3-5387fee4c876_300x300.jpeg, b5828ff94c7b380f1ec055ad38a57134.jpg, bbd46438-3ea9-11ee-9f87-0a580a6929c3.jpg, d0f18d05c41c5d775a09961d08312f45(1).jpg, d0f18d05c41c5d775a09961d08312f45.jpg, e9d9c41f1219ac7bd10ebb0ac622f9f0.jpg, eece86e4e927b9209c45f5e2a2c5c98e.jpg","DC Motor Speed Control with Reversible PWM 20A 9-60V 36V Safe Operation for Brushed & Brushed DC Motor, Adjustable Speed Control, Motor Speed Control, Easyinstall Parts Included | Battery Properties : Without Battery Power Mode : Room electrical/hard wiring Operating Voltage : ≤36V See all details and dimensions | Description: Operating Voltage: DC 9V-60V Rated Current: 10A PWM Frequency: 25KHz Speed Range: 0-100% Speed Principle: Adjust the current Shell Material: Aluminum Alloy Typical applications: 1. DC 9V 12V 24V 48V 60V DC Motor Speed Controller 2. Motor speed control and regulation in RC models, fans and more 3. Small pump control, such as RS-360 motor 4. Temperature control in devices such as soldering irons 5. Brightness control of DC light bulbs","This DC Motor Speed Controller is designed for efficient speed regulation of brushed and brushless DC motors, operating within a voltage range of 9-60V. With a rated current of 10A and a PWM frequency of 25KHz, it allows for precise control over motor speed from 0-100%. The aluminum alloy shell ensures durability and safe operation, making it ideal for various applications including RC models, small pumps, and even temperature control devices. This controller is a perfect addition to your DIY electronics lab, enabling you to experiment with motor-driven projects effortlessly.","dc motor, speed controller, pwm, electronics, diy, brushed motor, brushless motor, adjustable speed, rc models, small pumps",motor speed controller,"RC car speed control, small pump automation, temperature control for soldering irons, brightness control for LED lights",,1,₪19.25
DC Motor Speed Controller PWM 1803BK,C:\Users\Royma\Downloads\Temu Items 2\motor speed controller pwm 1803bk 1.8v 3v 5v 6v 7.2v - Temu.html,C:\Users\Royma\Downloads\Temu Items 2\motor speed controller pwm 1803bk 1.8v 3v 5v 6v 7.2v - Temu_files,"0392f8864eaa02a0d0c0fa6aab9fe59e(1).jpg, 0392f8864eaa02a0d0c0fa6aab9fe59e.jpg, 14a32c13-3b99-411c-8bfc-0f30064a523d_300x300.jpeg, 507dc810db0404848616339349d19a1b(1).jpg, 507dc810db0404848616339349d19a1b.jpg, 53cdb3189ceb52bc9a67afb7211f38d5.jpg, 98ef152da4c315791ac4be7ee86cbdf2(1).jpg, 98ef152da4c315791ac4be7ee86cbdf2.jpg, ae84c8b37df5736e0b7a73d19f6b2807.jpg, e7a2907c63b91c0b523fc047af2d4b34.jpg, f9123f3a585fbf518266666d9bd64299(1).jpg, f9123f3a585fbf518266666d9bd64299.jpg, fcf8ad21953194d36b83b4ed8402a08b.jpg","DC Motor Speed Controller PWM 1803BK, DC 1.8V 3V 5V 6V 7.2V 12V 2A 30W Low Voltage Adjustable Driver Motor Speed Regulator with Speed Control Knob | Material : Plastic Battery Properties : Without Battery Power Mode : Room electrical/hard wiring See all details and dimensions | The input power range is DC 1.8-12V. Use a 2A resettable fuse to Safeguard the controller. Potentiometer with For Switch function. Operating instruction: Before you attempt to wire the controller, make sure power is off. Alert: TO CHANGE MOTOR DIRECTION, INTERCHANGE THE POSITIVE AND NEGATIVE WIRES OF MOTOR. Turn on the power, and adjust the potentiometer. The LED indicates the power up and the speed of motor","The DC Motor Speed Controller PWM 1803BK is an adjustable driver designed for low voltage applications, allowing you to control the speed of DC motors from 1.8V to 12V with a maximum current of 2A. This compact device features a speed control knob and a resettable fuse for added safety. Ideal for DIY projects, it enables precise motor speed adjustments and direction changes by simply swapping the motor's positive and negative wires. Perfect for robotics, automation, and model making, this controller is a versatile addition to your electronics toolkit.","dc motor, speed controller, pwm, adjustable driver, electronics, robotics, diy, motor control, low voltage, embedded systems",motor speed controller,"robotic arm, automated fan, model train speed control, DIY electric vehicle, hobby drone",,1,₪4.51
MQ-135 Air Quality Sensor,C:\Users\Royma\Downloads\Temu Items 2\mq 135 air quality sensor panel mount tin contact quick connect battery free operation for industrial electrical use _ Temu.html,C:\Users\Royma\Downloads\Temu Items 2\mq 135 air quality sensor panel mount tin contact quick connect battery free operation for industrial electrical use _ Temu_files,"00c2e106da03e7905710e0dae3717bab.jpg, 0607330f8934a56bdd9f78e53a026cca(1).jpg, 0607330f8934a56bdd9f78e53a026cca.jpg, 0c42e01fcf50cc19e464c7f2835f028c(1).jpg, 0c42e01fcf50cc19e464c7f2835f028c.jpg, 5fbca6cb0797a6489a62c10acac5718b.jpg, 7883c29f1722f44b7ad298e263637740(1).jpg, 7883c29f1722f44b7ad298e263637740.jpg, 965ffbba-90ac-4ef9-bbb0-d13e3dbe3b6e(1).jpg, 965ffbba-90ac-4ef9-bbb0-d13e3dbe3b6e.jpg, b4f3ea82-8593-4d23-ad74-f024593dbf42_300x300.jpeg","MQ-135 Air Quality Sensor - Panel Mount, Tin Contact, Quick Connect, Battery-Free Operation for Industrial Electrical Use","The MQ-135 Air Quality Sensor is designed for panel mounting and features tin contacts for quick connections, making it ideal for industrial applications. This sensor can detect a variety of gases, including ammonia, benzene, and smoke, providing valuable data for air quality monitoring projects. Its battery-free operation simplifies integration into your existing systems, allowing for seamless deployment in embedded workflows. Use this sensor to enhance your DIY projects focused on environmental monitoring and smart home applications.","air quality, sensor, mq-135, gas detection, industrial, panel mount, quick connect, battery-free, environmental monitoring",air quality sensor,"smart home air quality monitor, environmental data logger, gas leak detection system, DIY air quality display",,1,
5V USB to DC Charging Cable,C:\Users\Royma\Downloads\Temu Items 2\multi functional 5v usb charging cable 13 interchangeable - Temu.html,C:\Users\Royma\Downloads\Temu Items 2\multi functional 5v usb charging cable 13 interchangeable - Temu_files,"09686d6f902e40909cd4357d65236512-goods.jpeg, 2b69567cb2aa43719757290a5d3e54e8-goods(1).jpeg, 2b69567cb2aa43719757290a5d3e54e8-goods.jpeg, 5dcee7a2a1f7416490b6fd771b86d13b-goods(1).jpeg, 5dcee7a2a1f7416490b6fd771b86d13b-goods.jpeg, 684eaf87-57e7-4456-848d-5951a4085574.jpg, 8dc0845c-0744-43fe-a3c8-68606c0db5cb.jpg, 9d00c06f-5efa-4776-9176-76b7d9dc9cf6(1).jpg, 9d00c06f-5efa-4776-9176-76b7d9dc9cf6.jpg, a44d38bb-5563-4e14-a04e-bb47b5412ae7.jpg, b34ec195-b13f-4366-b5f9-ebb59edc4341_300x300.jpeg, b6c7a609b3db4070a0dd8041f52999be-goods.jpeg, c85d31bb-8608-40e2-a861-14e150624e13(1).jpg, c85d31bb-8608-40e2-a861-14e150624e13.jpg, f78b2051a1f14e3588fd62b8c935dcdc-goods.jpeg","1pc Multi-Functional 5V USB to DC Charging Cable with 13 Interchangeable Plugs, Durable 10000+ Bend Test, Compatible with Cameras, Smartphones, Webcams, Fans, Audio Equipment - USB Powered, ≤36V Operating Voltage, No Battery Required | Output Power : 5-10W Power Mode : USB Operating Voltage : ≤36V See all details","This versatile 5V USB to DC charging cable features 13 interchangeable plugs, making it an essential tool for any DIY electronics lab. With a durable design that withstands over 10,000 bends, it ensures longevity and reliability for powering various devices. Compatible with cameras, smartphones, webcams, fans, and audio equipment, this cable operates at a maximum voltage of 36V and provides output power ranging from 5 to 10W. Ideal for powering projects without the need for batteries, it simplifies your setup and enhances your workflow.","usb, charging cable, interchangeable plugs, electronics, diy, power supply, microcontroller, portable, durable, versatile",charging cable,"powering microcontrollers, charging portable devices, powering sensors, DIY audio projects, webcam setups",1,1,₪20.37
10m Multi-Pin LED Strip Extension Cable,C:\Users\Royma\Downloads\Temu Items 2\multi pin led strip extension cable 22awg durable pvc copper - Temu.html,C:\Users\Royma\Downloads\Temu Items 2\multi pin led strip extension cable 22awg durable pvc copper - Temu_files,"1704117414309-6bc40ca9115f4c8ca11eb2a4f4d38ba9-goods.jpeg, 1704117414876-6cfe35353e6343eba0eac51283233a9f-goods.jpeg, 1704117415879-cd3ae877eec34562ae10a04ca1873908-goods(1).jpeg, 1704117415879-cd3ae877eec34562ae10a04ca1873908-goods.jpeg, 1704117416747-6ae5115f243048c39f054271d4c50201-goods.jpeg, 1704117417451-76943c580a9f427f87483f6024386ab1-goods.jpeg, 1704117417999-8f4ee8119c914e278ecdafb4303325de-goods(1).jpeg, 1704117417999-8f4ee8119c914e278ecdafb4303325de-goods.jpeg, 1704117418910-323d617ca6f14719bf32eef79ad239fa-goods.jpeg, 1704117419838-a3813effa8444c3fb8cccf2e9886474b-goods(1).jpeg, 1704117419838-a3813effa8444c3fb8cccf2e9886474b-goods.jpeg, 1704117420429-73b422145b3446968e5aceda741461b9-goods(1).jpeg, 1704117420429-73b422145b3446968e5aceda741461b9-goods.jpeg, 1704117421480-5bf5bf76a1bc48ae910a85f6b8434025-goods(1).jpeg, 1704117421480-5bf5bf76a1bc48ae910a85f6b8434025-goods.jpeg, 1704117423122-5faf889689d44c81873a63222c05213f-goods.jpeg, 1704117427428-5643a1f79ec74f72ae317925ca043bf2-goods.jpeg, 1704117427938-9db52cb321ac457e87b4b44bb38896ef-goods.jpeg, 1704117428543-30d28bb78f66416db9785c1f639b57c7-goods.jpeg, 1704117428987-396bf3f61ce840909d2c069faaaf621f-goods.jpeg, 1fba72de-8e9a-4518-8a22-0d83ba8a576d_750x140.png, 8b99b448-7a5d-445c-850f-38a3a0c10f99_750x140.png, default-reset-logo.png, eecbfaa5-9c51-4575-8ceb-b2920101425e(1).jpg, eecbfaa5-9c51-4575-8ceb-b2920101425e.jpg","1pc 10.0meter Multi-Pin LED Strip Extension Cable - 22awg, Durable PVC & Copper, Supports Ws2811/Ws2812, 5050/3528, RGB/RGBW/RGBWW/RGBCCT, with 2Pin to 6Pin Connectors - Ideal for DIY Projects","This 10-meter multi-pin LED strip extension cable is designed for seamless integration with various LED strip types, including WS2811, WS2812, 5050, and 3528. Made from durable PVC and copper, it ensures reliable connectivity for your DIY projects. The cable features 2-pin to 6-pin connectors, making it versatile for different configurations. Ideal for extending your LED installations or creating custom lighting setups, this cable is a must-have for any electronics lab.","led strip, extension cable, ws2811, ws2812, rgb, rgbw, diy projects, electronics, connectors",LED strip cable,"LED lighting installations, custom light displays, smart home lighting, DIY LED art, RGB color mixing projects",1,1,
ESP8266 NodeMCU with OLED Display,C:\Users\Royma\Downloads\Temu Items 2\nodemcu board oled display esp wifi module - Temu.html,C:\Users\Royma\Downloads\Temu Items 2\nodemcu board oled display esp wifi module - Temu_files,"0860deb3-83aa-4ca5-87d8-a6b4c2efcb0b_300x300.jpeg, 1b18a94f-af4a-4553-a093-0d5eb08c78d3.jpg, 41237017-9533-4d0f-a0e5-df3e1eb67560.jpg, 987d41e2-6ec9-11f0-ba4c-0a580aa440d8.jpg, 9e9498b6-20d7-441e-a31c-40fd23587a86.jpg, abb4a5c9-c39e-44c5-b3ed-24876a76447f(1).jpg, abb4a5c9-c39e-44c5-b3ed-24876a76447f.jpg, af1f6cbc-405b-41a4-9708-a7e95155d6f1(1).jpg, af1f6cbc-405b-41a4-9708-a7e95155d6f1.jpg, d3af624e-7588-40b1-af02-e67e552f22eb(1).jpg, d3af624e-7588-40b1-af02-e67e552f22eb.jpg",0.96-inch IDEASPARK ESP8266 NodeMCU with 2.44cm OLED display WiFi module Micro USB Micropython compatible soldering pin connector CH340 driver Esp-12E module suitable for DIY projects Programmable development board orderly layout | Power Mode : USB Operating Voltage : ≤36V Item ID : XE3833776 Copy See all details,"The IDEASPARK ESP8266 NodeMCU is a compact development board featuring a 0.96-inch OLED display, ideal for a variety of DIY electronics projects. With built-in WiFi capabilities and compatibility with MicroPython, this board allows for seamless integration into IoT applications. The orderly layout and soldering pin connectors make it easy to prototype and develop your ideas. It operates at a voltage of up to 36V, providing flexibility for various power requirements.","esp8266, nodemcu, oled, wifi, micropython, diy, electronics, development board, iot, prototyping",development board,"IoT weather station, smart home automation, remote sensor monitoring, OLED display notifications, WiFi-controlled robot",,1,₪16.22
Waterproof Storage Box,C:\Users\Royma\Downloads\Temu Items 2\outdoor sealed box plastic shockproof bins waterproof box - Temu.html,C:\Users\Royma\Downloads\Temu Items 2\outdoor sealed box plastic shockproof bins waterproof box - Temu_files,"0a6099a4-2082-480d-b114-b0b8e2b9bc5b_800x800.jpeg, 1676629379430-661346bd6a524b7a9a70d10ba77e6b5c-goods(1).jpeg, 1676629379430-661346bd6a524b7a9a70d10ba77e6b5c-goods.jpeg, 1676629379848-e1271d18260e4deea65788c87fd64bd5-goods(1).jpeg, 1676629379848-e1271d18260e4deea65788c87fd64bd5-goods.jpeg, 1676629380741-aadc23798fbe4a3f91380dca24cb8515-goods(1).jpeg, 1676629380741-aadc23798fbe4a3f91380dca24cb8515-goods.jpeg, 1676629381416-51ba9161758b489f88537fcae0932b76-goods.jpeg, 1676629382673-d2cd881f053143f1885533de5f830463-goods(1).jpeg, 1676629382673-d2cd881f053143f1885533de5f830463-goods.jpeg, 3fd81dd359b8dd21cc6cc3bc9df58592(1).jpg, 3fd81dd359b8dd21cc6cc3bc9df58592.jpg, 86907ef9a2c29fea1ee0e6d33c4dee1e(1).jpg, 86907ef9a2c29fea1ee0e6d33c4dee1e.jpg, 8a0b6093-eac4-454e-b603-f505006f259b_300x300.jpeg, a8d4080e-5079-437b-9468-4db0c2f0845a.png, a8faff36-6d69-493f-a58d-e26b880441d9.png, be763c75-483f-42ae-b272-e8ea67ea07d1_800x800.jpeg, c3a1fdca-a784-4cf1-906e-b28a06b05e12(1).png, c3a1fdca-a784-4cf1-906e-b28a06b05e12.png, dd6bb572-c8ec-4ea6-b742-ed7234bb5f3f.png, fb4a6c790792c2ad1a33508e198af502(1).jpg, fb4a6c790792c2ad1a33508e198af502.jpg",Outdoor Sealed Box Plastic Shockproof Bins Waterproof Box Travel Storage Kit Survival Case Valuables Electronic Gadget Container,"This waterproof storage box is designed for outdoor use, providing a durable and shockproof solution for safeguarding your electronic gadgets and valuable components. Ideal for DIY makers, it can be utilized to store microcontrollers, sensors, and other sensitive electronics while on the go. The sealed design ensures that your projects remain protected from moisture and dust, making it perfect for fieldwork or camping. Use this versatile container to keep your workspace organized and your components secure during transport.","waterproof, storage, electronics, outdoor, shockproof, container, diy, travel, gadget, survival",storage box,"field electronics, portable sensor kits, camping gear organization, outdoor robotics, emergency survival kits",,,
Titanium Coated Step Cone Drill Bit,C:\Users\Royma\Downloads\Temu Items 2\perfect steel step cone titanium drill bit tool hole cutter - Temu.html,C:\Users\Royma\Downloads\Temu Items 2\perfect steel step cone titanium drill bit tool hole cutter - Temu_files,"1679386149846-d2cc45df4fc44a62bd945d64918c0355-goods.jpeg, 1679386150465-e85f2c6dc4714256bcfd5c8e7e947f57-goods.jpeg, 1679386152112-2ccbbe2add984b8d9c54c560295818a8-goods.jpeg, 1679386153507-f98a6a059b86423394b1f1fb9a54fbd2-goods.jpeg, 1679386154668-0521a85df0974693b120422966d34c79-goods.jpeg, 1679386155412-683ae45fa4784bce859bb0f7781121b1-goods.jpeg, 1679386156181-215283ba536346f59069b862641e599b-goods.jpeg, 1679386157452-fc5a7330553a452d8069958907dfe629-goods.jpeg, 1679386158543-7a6b96111f4a4ee2b2690013f68f3ec0-goods(1).jpeg, 1679386158543-7a6b96111f4a4ee2b2690013f68f3ec0-goods.jpeg, 1679386159290-86dc76cc3c6d47399f44e081e904445c-goods(1).jpeg, 1679386159290-86dc76cc3c6d47399f44e081e904445c-goods.jpeg, 498b7cfa-f1ef-492d-8d76-aa2bd234f3fa.jpg, 816ec46a-620f-4e80-a004-77020f34cebe_300x300.jpeg, d3cd9cec-e8ea-4094-b923-6f38922a68b1.jpg",Perfect Steel Step Cone Titanium Drill Bit Tool Hole Cutter Tools Home Supplies | Material : Alloy Recommended Scenario : Carpentry Item ID : CY07613 Copy See all details and dimensions | Paage Included: 1 piece HSS Steel Drill Bit This is the New HSS Steel Large Step Cone Drill Titanium Bit Set Hole Slicer£¬ which is made from high quality HSS steel£¬ and with the Titanium coated to reduce friction and heat It is very suitable for using to cut holes in a variety of materials including steel£¬ brass£¬ wood£¬ plastic£¬ etc Material: HSS Steel Finish: Titanium 3 Size for Option: 1.4-12mm Length: Approx. 6.8cm/ 2.68 inch; 2.4-20mm Length: Approx. 7.3cm/ 2.87 inch;,"This Titanium Coated Step Cone Drill Bit is an essential tool for any DIY electronics lab. Made from high-quality HSS steel, it features a titanium finish that minimizes friction and heat during operation, ensuring clean and precise holes in various materials such as steel, brass, wood, and plastic. Ideal for creating custom enclosures or mounting points for your microcontroller projects, this drill bit set offers versatility and durability. With multiple sizes available, you can tackle a wide range of drilling tasks with ease.","drill bit, titanium, hss steel, step cone, woodworking, electronics, DIY, hole cutter, tools, maker",drill bit set,"custom enclosures, mounting brackets, prototype housings, DIY tool holders",1,1,₪13.13
Precision Long Tweezers Set,C:\Users\Royma\Downloads\Temu Items 2\precision long tweezers set esd anti static stainless steel - Temu.html,C:\Users\Royma\Downloads\Temu Items 2\precision long tweezers set esd anti static stainless steel - Temu_files,"11ced14a22cd983960c9a50c4bbde3a4.jpg, 1281460b-4860-4ddf-86eb-44e3696dfcd0_1000x1000.jpeg, 4738e702-e402-4b89-8074-4576f31bac7c_1000x1000.jpeg, 533a29ad679c7029b0494c23c208dfd9.jpg, 62a00b262473ef2f380eebdab67528ae.jpg, 683f4b86ce9279e3586f1a957fde7173(1).jpg, 683f4b86ce9279e3586f1a957fde7173.jpg, 8527d1eb-be30-413e-b9f2-8bb9480d8080_750x491.png, 929596d9-9043-4ca9-a750-083c26a603b3_1000x1000.jpeg, 9dcbf1e06a86b195eed9d08b88f5a5ac.jpg, a8cdb2142a4de0725eac4dbea2304f9e(1).jpg, a8cdb2142a4de0725eac4dbea2304f9e.jpg, b0562aa1-7eb9-49bb-91e6-a48e8fc1bad2_300x300.jpeg, b7cf9e854709fdc30292e3f8e5c46560.jpg, bf73935f-d1e7-4789-8a70-4a50f8fbe145_1000x1000(1).jpeg, bf73935f-d1e7-4789-8a70-4a50f8fbe145_1000x1000.jpeg, e13b6adae4a0f37f0594520b5e6510dd.jpg, ef94ad50-ca0d-4479-961f-35c1f542987a_1000x1000.jpeg",6pcs Precision Long Tweezers Set ESD Anti-Static Stainless Steel Tweezers Repair Tools For Electronics Repair Soldering Craft,"This 6-piece set of precision long tweezers is essential for any electronics repair or soldering project. Made from ESD anti-static stainless steel, these tweezers ensure safe handling of sensitive components without the risk of static damage. The fine tips allow for intricate work, making them perfect for tasks such as placing small components on PCBs or manipulating wires in tight spaces. Whether you're a hobbyist or a professional, this toolset will enhance your precision and control in various DIY electronics projects.","tweezers, precision tools, electronics repair, soldering, anti-static, stainless steel, DIY, maker, ESD",tweezers set,"PCB assembly, component placement, wire manipulation, soldering small parts",6,6,
WH148 Potentiometer Kit,C:\Users\Royma\Downloads\Temu Items 2\precision wh148 potentiometer kit 300° rotation adjustable - Temu.html,C:\Users\Royma\Downloads\Temu Items 2\precision wh148 potentiometer kit 300° rotation adjustable - Temu_files,"1700120648311-3f4967f01be44d06880f2426573a1ebd-goods.jpeg, 1700120652767-54e3c40894124e439c90b4049788fe76-goods.jpeg, 1700120656119-0997667a8a444a6ca9b84e2732489b36-goods.jpeg, 1700120659369-6999f9445cb643f9a2f2f3d55acbae6c-goods.jpeg, 1700120661122-504cd049c6e84a9eaf94801bdbed461d-goods(1).jpeg, 1700120661122-504cd049c6e84a9eaf94801bdbed461d-goods.jpeg, 1700120665833-b9d642f82d6948e19d32c14c3ab7f410-goods.jpeg, 1700120667038-60802f1e35324261ad6ea7000297c0a1-goods.jpeg, 1700120668166-0cccb7e0390445238b0d720845d400e5-goods.jpeg, 1700120671740-89e8a826f5ab488fa10a7d4a20e18fcf-goods(1).jpeg, 1700120671740-89e8a826f5ab488fa10a7d4a20e18fcf-goods.jpeg, 1700120674596-8d2165734ac94c31bc0403cb0b865bbb-goods.jpeg, 1700120679855-a71c9fe115374a73bbdb9bb2cae6a297-goods.jpeg, 1700120693943-6be0cf07edd1480b87f175a7ff387703-goods.jpeg, 1700120697256-c83d49310108491ba46d863d62d53add-goods.jpeg, 1700120698039-01bb4057be5e4500844a1699501fd625-goods.jpeg, b3883cb9-5dda-4420-a2ea-e64d9517a5d5_300x300.jpeg, ff4593ed-365c-41fc-8eb9-0c33e21075ae.png.slim.png","Precision WH148 Potentiometer Kit - 5 Sets, 300° Rotation, Adjustable Resistance (1K-1m), with Black Aluminum Alloy Knob Caps for Electronics & Audio Control | Material : Metal Item ID : WU44320 Copy Origin : Guangdong,China | Name: WH148 Potentiometer Product introduction:","The WH148 Potentiometer Kit includes five sets of precision potentiometers, each offering a 300° rotation and adjustable resistance ranging from 1K to 1M ohms. Ideal for various electronics and audio control applications, these potentiometers come with durable black aluminum alloy knob caps for a professional finish. This kit is perfect for DIY enthusiasts looking to enhance their projects with adjustable controls. Whether you're building audio equipment or custom electronic devices, these potentiometers will provide reliable performance and ease of use.","potentiometer, adjustable, electronics, audio, diy, components, kit, wh148, metal, knobs",potentiometer kit,"audio mixer, custom guitar pedal, adjustable LED dimmer, robotics control, sensor calibration",5,5 sets,₪9.88
Mini Jewelry Pliers Set,C:\Users\Royma\Downloads\Temu Items 2\premium carbon steel mini jewelry pliers set round curved - Temu.html,C:\Users\Royma\Downloads\Temu Items 2\premium carbon steel mini jewelry pliers set round curved - Temu_files,"02eabb03-f3ef-4d9f-acd6-0eca4711c3b3_300x300.png, 08d729266e8b4bd6aff9dc041d39cc83-goods.jpeg, 5c38698ea6a94ad8879ec4bd59e278bc-goods(1).jpeg, 5c38698ea6a94ad8879ec4bd59e278bc-goods.jpeg, 6c0a7580bdbc4358b75a5c05f3f1ab06-goods.jpeg, 73d1e9132455453a88fb4ecdc7f67184-goods.jpeg, 7f3f61c1d84246f48fecdf7cd975548d-goods(1).jpeg, 7f3f61c1d84246f48fecdf7cd975548d-goods.jpeg, da55a53175334d16bdad30a0296dc705-goods.jpeg, e2e973bac76e4316b66f93179b9613c5-goods.jpeg","8pcs Premium Carbon Steel Mini Jewelry Pliers Set, Round Curved Needle Nose Design for Precise Grip, DIY Craft Tools Kit with Durable Construction for Long-Lasting Performance | Material : Metal Power Supply : Use Without Electricity Item ID : CR413397 Copy See all details | Specifications:100% brand new and high qualityMade of hardened and tempered carbon steel, rustproof and durable in useSoft rubber handles, with double springs, comfortable and reduce harsh fatigueSuitable for wire work, beads, jewelry manufacturing or gift packagingMaterial: Carbon steelColor: Black+Silvery+YellowLength: 9.8cm-14.5cmPackage Include:8pcs Mini Jewelry PliersNote:Please allow minor error due to manual measurement","This 8-piece Mini Jewelry Pliers Set is designed for precision and comfort, making it an essential tool for any DIY electronics or craft project. Made from durable carbon steel, these pliers are rustproof and built to last, ensuring reliable performance for wire work, jewelry making, and more. The soft rubber handles provide a comfortable grip, reducing fatigue during extended use. Ideal for detailed tasks, these pliers can help you manipulate small components with ease, making them perfect for microcontroller and embedded system projects.","jewelry pliers, craft tools, precision tools, carbon steel, diy electronics, wire work, rustproof, comfortable grip",tool set,"jewelry making, wire wrapping, electronics prototyping, model building",8,8,₪52.67
60pcs Potentiometer Kit,C:\Users\Royma\Downloads\Temu Items 2\premium potentiometer kit b5k 10k 20k 50k ohm linear - Temu.html,C:\Users\Royma\Downloads\Temu Items 2\premium potentiometer kit b5k 10k 20k 50k ohm linear - Temu_files,"1709643116841-787bdf84d546433db609c9466292d244-goods.jpeg, 1709643118500-445f6f166bb344e5b00f5f886dc3f5a4-goods(1).jpeg, 1709643118500-445f6f166bb344e5b00f5f886dc3f5a4-goods.jpeg, 1709643120084-7ded8e6254b146cb940bc3fcf8eeec90-goods(1).jpeg, 1709643120084-7ded8e6254b146cb940bc3fcf8eeec90-goods.jpeg, 1709643121941-bf7736f0703d47caa164a61d4fc68496-goods.jpeg, 1709643124087-2f446b29f03149dc82b92028292b773f-goods.jpeg, 1709643125724-d82ced6bc51d4b36b230201e5fdbf204-goods(1).jpeg, 1709643125724-d82ced6bc51d4b36b230201e5fdbf204-goods.jpeg, 1709643127871-2f76ef912fee4dd0a33f384d173e04dc-goods.jpeg, 1709643130027-cf16b232776142d2b55127106085979c-goods.jpeg, 1709643131258-ae71fc90ff1f46c597155d2360f96f53-goods.jpeg, 1709643133141-d94efdddcdc147c1bc4c15bd5ed6169d-goods.jpeg, 1709643134960-759f26cc1810400992d9d4b434527aae-goods.jpeg, 34717a16-b3c5-4261-b6ca-c7c5b1a1c87b_300x300.jpeg, ff4593ed-365c-41fc-8eb9-0c33e21075ae.png.slim.png","60pcs Premium Potentiometer Kit - B5K, 10K, 20K, 50K, 100K Ohm Linear Taper, Durable Metal & Carbon Film with Color-Coded Aluminum Alloy Knobs, Washers & Nuts Included - Ideal for Audio, Guitar & Electronics Projects, Guitar Prewired Potentiometers | Material : Iron Item ID : GT74965 Copy | Product paaging:20pcs B5K B10K B20K B50K B100K Ohm (4Seindividuals for each Value)single linear rotary taper potentiometer+20PCS Aluminum alloy knobs in three different colors+20PCS Washer+20PCS Nut","This 60-piece potentiometer kit includes a variety of linear taper values (B5K, 10K, 20K, 50K, 100K Ohm) to suit a wide range of audio and electronics projects. Each potentiometer is crafted from durable materials, featuring metal and carbon film construction, ensuring reliability in your circuits. The kit also comes with color-coded aluminum alloy knobs, washers, and nuts, making it easy to customize your setup. Ideal for DIY enthusiasts working on guitar electronics or any project requiring precise control of resistance. Enhance your prototyping experience with this comprehensive kit.","potentiometer, electronics, diy, audio, guitar, components, kit, linear, taper, knobs, resistors",potentiometer kit,"guitar audio circuits, volume control projects, DIY synthesizers, custom audio equipment, robotics control systems",60,60,₪34.80
Arduino ProtoShield UNO R3,"C:\Users\Royma\Downloads\Temu Items 2\protoshield r3 expansion board with mini breadboard quick mount solder for diy projects - business, & science - Temu.html","C:\Users\Royma\Downloads\Temu Items 2\protoshield r3 expansion board with mini breadboard quick mount solder for diy projects - business, & science - Temu_files","1381f04f-a5e5-4404-af6b-7ea6f4b8b67e(1).jpg, 1381f04f-a5e5-4404-af6b-7ea6f4b8b67e.jpg, 61bb99b4-c8e2-4a9a-be7e-80b76eecd784.jpg, b4f3ea82-8593-4d23-ad74-f024593dbf42_300x300.jpeg, c9a8b055-85a3-41c6-92c9-724dfb9c3800(1).jpg, c9a8b055-85a3-41c6-92c9-724dfb9c3800.jpg, df427cb6-6449-4a86-9b25-1ec2a23f2825.jpg, e98ddf1a-2d44-4799-8ced-6c2d77596e12.jpg, f66aa659-04b5-4590-b252-511bf2f55c7e(1).jpg, f66aa659-04b5-4590-b252-511bf2f55c7e.jpg","Arduino ProtoShield UNO R3 Expansion Board with Mini Breadboard - Quick Connect, Panel Mount, Solder-On Design for DIY Projects | Power Mode : Room electrical/hard wiring Operating Voltage : ≤36V Battery Properties : Without Battery See all details and dimensions | The ProtoShield Prototyping Expansion Board for use with Arduino Duemilanove is used to build circuit prototypes, either by soldering components directly to the board or by connecting circuits via the mini breadboard on top. The breadboard is connected to the board by double-sided tape and the breadboard is separate from the board. The board comes with two LEDs and two pushbutton circuits that can be used directly, all pins and power supplies are pinned out","The Arduino ProtoShield UNO R3 Expansion Board is designed for rapid prototyping and circuit development. It features a mini breadboard for easy component connections and a solder-on design for permanent installations. With a power mode supporting up to 36V, this board is versatile for various DIY electronics projects. It includes two built-in LEDs and two pushbutton circuits, making it ideal for interactive applications. Perfect for hobbyists and makers looking to streamline their prototyping process.","arduino, prototyping, expansion board, breadboard, electronics, diy, maker, soldering, interactive, projects",expansion board,"interactive LED display, sensor interface, remote control system, basic robotics, custom input devices",,"2 LEDs, 2 pushbuttons, multiple connectors",₪8.49
Arduino UNO R3 Development Board,C:\Users\Royma\Downloads\Temu Items 2\r3 development board 328p usb powered 14 - Temu.html,C:\Users\Royma\Downloads\Temu Items 2\r3 development board 328p usb powered 14 - Temu_files,"104a6ce3-6cc8-4df3-a5dc-669efdb04343(1).jpg, 104a6ce3-6cc8-4df3-a5dc-669efdb04343.jpg, 1ca31f46-db65-40ad-b1c0-ea2a85b87094(1).jpg, 1ca31f46-db65-40ad-b1c0-ea2a85b87094.jpg, 640b251e-3223-497c-84c2-e6413f03b621(1).jpg, 640b251e-3223-497c-84c2-e6413f03b621.jpg, 65ff0658-6f22-40e3-91d0-7d1055a7c264(1).jpg, 65ff0658-6f22-40e3-91d0-7d1055a7c264.jpg, 740e85ff-1406-4d96-86ed-08ba7d3c9a19_750x257.png, 74497d4b-a159-4062-aede-6edb2f37e1a7_300x300.png, 812a0c17-d10d-4eaa-839b-b2d7ed7ac72c_750x179.png, 85ba906f-d8ae-4ceb-83e6-c06f5381f8af_750x413.png, 955315b5-6694-4c99-aab6-b5911015000e.jpg, b24f20b6-b318-452f-877b-4935def1975a(1).jpg, b24f20b6-b318-452f-877b-4935def1975a.jpg, b870cfac-dd15-4796-99ba-a826b0c4c652_750x530.png, e737479a-7afa-4c38-a8a7-5d918f6b254c.jpg, ef54bcb1-abaa-438d-b0fc-1739334cbce8.jpg, f565b003-d3a4-4f5b-b088-9e5ef94ac70b_750x374.png","Arduino UNO R3 Development Board with ATMEGA328P - USB Powered, 14 Digital & 6 Analog I/O Pins for Programming and Electronics Projects","The Arduino UNO R3 Development Board is an essential tool for any DIY electronics enthusiast. Powered via USB, it features the ATMEGA328P microcontroller, providing 14 digital and 6 analog I/O pins for versatile programming options. This board is perfect for prototyping and developing a wide range of electronics projects, from simple LED blinkers to complex sensor integrations. Its compatibility with various shields and libraries makes it an ideal choice for both beginners and experienced makers.","arduino, microcontroller, development board, electronics, prototyping, atmega328p, usb powered, digital pins, analog pins",development board,"LED control, temperature sensor, motor control, IoT projects, robotics",,1,
Rectangular Metal Magnets,C:\Users\Royma\Downloads\Temu Items 2\rectangular metal durable magnets fridge whiteboards photos - Temu.html,C:\Users\Royma\Downloads\Temu Items 2\rectangular metal durable magnets fridge whiteboards photos - Temu_files,"1708664339374-9a9ed07ad87741d7a5e483bc8aec0bcc-goods(1).jpeg, 1708664339374-9a9ed07ad87741d7a5e483bc8aec0bcc-goods.jpeg, 1708664339864-835e7202e0b24ffb8d8e7cd08b84c1da-goods(1).jpeg, 1708664339864-835e7202e0b24ffb8d8e7cd08b84c1da-goods.jpeg, 6e951278-11a1-43d0-ab2a-59c9014d265d_300x300.jpeg, ad7b4122-591c-47f3-a56e-739f0ab5cf8c.jpg, bde6324f-66fa-4518-bac3-7cda50fc6fb5(1).jpg, bde6324f-66fa-4518-bac3-7cda50fc6fb5.jpg, e37fc562-4b22-4195-9105-cb9155ec80c1.jpg","10pcs, Rectangular Metal Durable Magnets for Fridge, Whiteboards, Photos, Stickers, Postcards, Tools, Kitchen Accessaries, Kitchen Decor, Home Decor | Material : Other material Power Supply : Use Without Electricity Item ID : PE70725 Copy See all details","These durable rectangular metal magnets are perfect for a variety of DIY projects in your electronics lab. Use them to secure components on your workbench, hold wires in place, or even attach small tools to your fridge or whiteboard for easy access. Their versatile design makes them suitable for both home decor and practical applications in your workspace. With a pack of 10, you'll have plenty of magnets to support your creative endeavors.","magnets, metal, diy, electronics, workspace, tools, home decor, fridge, whiteboard, accessories",magnet pack,"component organization, tool holder, wire management, fridge decor, photo display",10,10,₪4.98
Retractable Knife Pen,C:\Users\Royma\Downloads\Temu Items 2\retractable knife pen press hand account pen knife creative - Temu.html,C:\Users\Royma\Downloads\Temu Items 2\retractable knife pen press hand account pen knife creative - Temu_files,"1713362714350-a79e03eca8dc44e7bbcaf9881bd7d3d0-goods.jpeg, 1713362715640-9cede095d6f34964b8c4564de8b94caf-goods.jpeg, 1713362717311-fc5bc68b5394431f903fd3530116b6fb-goods(1).jpeg, 1713362717311-fc5bc68b5394431f903fd3530116b6fb-goods.jpeg, 1713362717685-f3064148c4524fbc890ab703b4484dd0-goods.jpeg, 1713362718421-b4341d7607934d32a2d125914bfc6032-goods(1).jpeg, 1713362718421-b4341d7607934d32a2d125914bfc6032-goods.jpeg, 1713362718812-cd57a54237754714ba7b12fe4320ed6b-goods.jpeg, 1713362719321-86d037d9abd849a1ba970f2b0f0d0abf-goods.jpeg, 1713362719635-1049e80ea13d4890aa58648fd72b0979-goods.jpeg, 1713362720520-c4568cd3bb9749c287ed13eb1d9070a1-goods.jpeg, 20bfdd8a-0ffd-4d18-a75b-d573d125aff2.jpg, 55c981e3-8d57-49cc-bef1-b4a593964bdb_300x300.jpeg, aad7f796-25d6-4b19-bd61-ed0398695bc6.jpg, e7d7bece-bd08-4157-9c9c-00f5161f9589.jpg, f0c8242f-7dff-4cb2-9051-36edf0a6704c(1).jpg, f0c8242f-7dff-4cb2-9051-36edf0a6704c.jpg","Retractable Knife Pen, Press Hand Account Pen Knife, Creative Art Paper Cutting Tool for Student Paper Cutting, Card Cutting, Unpacking, and Handcrafting Tools","The Retractable Knife Pen is an innovative tool designed for precision cutting in various DIY projects. Ideal for students and hobbyists, this pen knife allows for easy handling and controlled cuts on paper, cardboard, and other materials. Its retractable blade ensures safety when not in use, making it a perfect addition to your crafting toolkit. Whether you're unpacking, creating intricate designs, or working on handcrafting projects, this tool provides the versatility you need.","retractable knife, craft tool, paper cutting, student supplies, DIY projects, precision cutting, art supplies",cutting tool,"paper crafts, model making, packaging design, card cutting, scrapbooking",,,
5mm RGB LED Diodes - 50/100 Pack,C:\Users\Royma\Downloads\Temu Items 2\rgb led hole 4 pin transparent circuit design diy - Temu.html,C:\Users\Royma\Downloads\Temu Items 2\rgb led hole 4 pin transparent circuit design diy - Temu_files,"60d96665-8f18-4537-8f8c-936b4be5a213(1).jpg, 60d96665-8f18-4537-8f8c-936b4be5a213.jpg, 72d038d1-ef4a-4fdd-818b-003e0b1f06e2(1).jpg, 72d038d1-ef4a-4fdd-818b-003e0b1f06e2.jpg, 7a4ec7b1-4ee4-45ac-a39a-3f078301a320_300x300.png, afc8641d-9b48-492a-8732-86eca6915f9a(1).jpg, afc8641d-9b48-492a-8732-86eca6915f9a.jpg, c808fb7b-6529-4991-adcb-658afd9353ae.jpg, e91b7ca5-3bf1-416a-8552-9cc89e67acd0(1).jpg, e91b7ca5-3bf1-416a-8552-9cc89e67acd0.jpg","50/100 Pack 5mm RGB LED Diodes, Through Hole 4-Pin, Transparent, for Circuit Design and DIY Projects, Low Voltage ≤36V Hard Wire Room Lighting, Compatible with Automotive Series and Other Applications | Car Series : Other Power Mode : Uncharged Applicable Models : See Product Details See all details | Product details: Diameter: 5 millimeters. Color: Clear, transparent. Structure: 4 pins. Red: 600-800nm wavelength, 2-2.2V Voltage Green: 2000-2500nm wavelength, 3-3.2V Voltage Blue: 1000-1200nm wavelength, 3-3.2V Voltage Size: 5mm Emitted Colors: Red / Green / Blue RGB color LED, with a common cathode, light-emitting diode. Leg Pitch: 1mm. The largest feet of the internal electrode are 2 feet, known as the common end. Our Advantages: -High Definition -Vivid Colors -Stable Performan -Energy Eff","These 5mm RGB LED diodes are perfect for your DIY electronics projects, offering vibrant colors in red, green, and blue. With a common cathode design and a low voltage requirement of ≤36V, they are ideal for circuit design and hardwiring in various applications, including automotive lighting. Their transparent casing ensures high visibility and brightness, making them suitable for both decorative and functional uses. Whether you're building a custom lighting setup or integrating them into an embedded system, these LEDs are a versatile choice for makers and hobbyists alike.","rgb led, 5mm, through hole, diodes, electronics, diy projects, low voltage, circuit design, automotive, lighting",LED diode pack,"custom lighting, electronic displays, automotive lighting, mood lamps, interactive art installations",100,50-100 LEDs,₪5.99
10pcs SPST Rocker Switches,C:\Users\Royma\Downloads\Temu Items 2\rocker switches 2 pin toggle - Temu.html,C:\Users\Royma\Downloads\Temu Items 2\rocker switches 2 pin toggle - Temu_files,"0a67514e-4dd5-4f79-ade3-77e0a2c975de_300x300.jpeg, 36760fe6-d708-413b-aab1-3cb049b6c715(1).jpg, 36760fe6-d708-413b-aab1-3cb049b6c715.jpg, 4044fdaf-ac15-4f64-b0fa-044609ffef8c(1).jpg, 4044fdaf-ac15-4f64-b0fa-044609ffef8c.jpg, 42ee46d8-cdb6-476b-aad0-27122c5f6dc2.jpg, 70fc1131-ea2e-4c0a-a186-ca1010cc70a0.jpg, 8c441a22-1380-49e9-83cb-fec969678cb8(1).jpg, 8c441a22-1380-49e9-83cb-fec969678cb8.jpg, a3169d35-da97-4f33-b242-54875985ef21.jpg, e42f1495-54c1-4a5b-aee0-ef6fb3fd5e71(1).jpg, e42f1495-54c1-4a5b-aee0-ef6fb3fd5e71.jpg, ee9198abda9da86959a8785712261120(1).jpg, ee9198abda9da86959a8785712261120.jpg","10pcs NODEMCU LUA SPST Rocker Switches - 2-Pin Snap-In Toggle Switches for Car, Boat & Home Use, On/Off Control, 250V 6A, Black, Ideal for Power Switching Appliances Like Speakers, TVs, and More | Contact Material : Copper Alloy Termination Type : Quick Connect Pole & Throw Configuration : Spst See all details and dimensions | This Roer For Switch Widely used for various kinds of electrical producindividuals, instrument, car, boat, household appliances such as lighindividuals, water dispenser, treadmill, coffee pot, speaker, electric car, Motorbike, TV, massage machine etc. [ Paage Content]: 10x Roer Switches","This pack of 10 SPST rocker switches is perfect for DIY electronics projects and embedded systems. With a 2-pin snap-in design, these switches can be easily integrated into various applications, including home appliances, automotive, and marine setups. Rated for 250V and 6A, they provide reliable on/off control for devices like speakers, TVs, and more. The quick connect termination type ensures a secure and efficient installation, making them ideal for both beginners and experienced makers.","rocker switch, spst, toggle switch, electronics, diy, embedded, home appliance, automotive, marine, power control",toggle switch pack,"home automation, custom lighting, model car control, DIY speaker system, portable device power switch",10,10,₪5.95
10pcs SPST Rocker Switches,C:\Users\Royma\Downloads\Temu Items 2\round rocker switches mini 12 volt - Temu.html,C:\Users\Royma\Downloads\Temu Items 2\round rocker switches mini 12 volt - Temu_files,"33ceaef57d9a82e86274f383a9c10a8f.jpg, 506ba93a-3211-11ee-82d8-0a580a69767f(1).jpg, 506ba93a-3211-11ee-82d8-0a580a69767f.jpg, 661e3e3faaea3edf5329d91f4eaea1d9.jpg, 88cf42513319146785f8604c9e1598d8(1).jpg, 88cf42513319146785f8604c9e1598d8.jpg, b246103b-2794-4eb7-a67e-51f70d614910_300x300.png, e40a430e788093b664321d7c21e7c836(1).jpg, e40a430e788093b664321d7c21e7c836.jpg, e619025cd1e08b255b7a765c7ae72334.jpg","10pcs ON Off Round Rocker Switches SPST 20mm Mini 12 Volt DC Mini Circle Toggle Switch 12V For Car Automotive RV 2 Pin Switch 120V Wired KCD1 | Contact Material : Silver Termination Type : Quick Connect Pole & Throw Configuration : Spst See all details and dimensions | About this item Features: ""O I"" marked on black button 12V Rocker Switch with 10 sets of wires(#187 Lock Terminals on end) for switch easy connection. Material: The KCD1 Small round rocker switch is made of nylon PA66. The terminals are made of brass with silver plated. Function: The ON/OFF rocker switch is 2 pin SPST design (single pole single throw) ON OFF. The rating is 10A 120V AC and 20A 12V DC.","This set of 10 SPST (Single Pole Single Throw) rocker switches is perfect for your DIY electronics projects. Each switch features a compact 20mm round design, ideal for use in automotive, RV, and other low-voltage applications. With a rating of 10A at 120V AC and 20A at 12V DC, these switches are versatile and reliable. The quick connect terminals simplify installation, making it easy to integrate them into your projects. Made from durable nylon PA66 with brass terminals, these switches are built to last.","rocker switch, spst switch, toggle switch, 12v switch, automotive switch, diy electronics, quick connect, nylon switch, brass terminals, mini switch",rocker switch set,"automotive lighting, DIY power control, home automation, model railroading, custom electronics projects",10,10,₪16.15
High Elastic Rubber Bands,C:\Users\Royma\Downloads\Temu Items 2\rubber band high elastic durable disposable band yellow - Temu.html,C:\Users\Royma\Downloads\Temu Items 2\rubber band high elastic durable disposable band yellow - Temu_files,"1704952871126-cf0b4feb9d9944e0a2a07a291df25e77-goods.jpeg, 1704952871685-f7972ea7c839437cadd5180bade70214-goods.jpeg, 1704952872379-c75ee1ff9a504722bb2b40705532e644-goods.jpeg, 1704952873038-a8d7d55a9b1d44b28ec8fbe69005d060-goods(1).jpeg, 1704952873038-a8d7d55a9b1d44b28ec8fbe69005d060-goods.jpeg, 1704952873712-5e4e0c2e51e1464f84c1b7d135d78cc9-goods.jpeg, 1704952874202-3533270ce01445f4844189aaa080bab9-goods.jpeg, 1704952874890-2ffd9ac481da46e598d69953effb0e41-goods(1).jpeg, 1704952874890-2ffd9ac481da46e598d69953effb0e41-goods.jpeg, 1704952875396-9da51e42487d441eaf1edb0c87d8358b-goods.jpeg, 1704952875845-ec1ba829079d4c5dbba1a8ebd8911422-goods.jpeg, 1704952876305-d262f1157fbc42258465d9c14877e492-goods.jpeg, 1704952876867-c6b9063ba0364b9eb45a755394816982-goods.jpeg, 6287c1f7-9c3d-4422-9d1a-39a7d84479c0_300x300.png",100pcs/200pcs Rubber Band High Elastic Durable Disposable Band Yellow Rubber Ring Rubber Ring Cowhide Band Industrial Use | Major Material : Synthetic Rubber Item ID : TB61412 Copy,"These high elastic rubber bands are perfect for a variety of DIY electronics projects and prototyping tasks. With their durable synthetic rubber composition, they can securely hold components together while allowing for flexibility in design. Ideal for bundling wires, organizing components, or creating temporary fixtures in your workspace. Available in packs of 100 or 200, these rubber bands are a must-have for any maker's toolkit.","rubber bands, elastic bands, synthetic rubber, diy projects, prototyping, electronics, organizing, bundling, lab supplies",rubber bands,"wire organization, component bundling, temporary fixtures, prototyping aids",100,100-200,₪4.87
Self-Adhesive Cable Clips,C:\Users\Royma\Downloads\Temu Items 2\self cable clips keep cords organized sight! - Temu.html,C:\Users\Royma\Downloads\Temu Items 2\self cable clips keep cords organized sight! - Temu_files,"051c51fe-4be9-4307-bdba-6385193ac4dd_950x950.jpeg, 13ff74e2-fd1e-4783-8c39-d93d70b996f9_800x800(1).jpeg, 13ff74e2-fd1e-4783-8c39-d93d70b996f9_800x800.jpeg, 29334162-0e84-11ee-a36a-0a580a698dd1.jpg, 2d4ea37fd1d2465d4f08e749017d0485.jpg, 3107e6c8a54be1f0cec578db2e5d400b(1).jpg, 3107e6c8a54be1f0cec578db2e5d400b.jpg, 397ee113-4fdc-4676-80a9-c65049fcaa00_300x300.jpeg, 4431fb56-9d38-46a5-9d82-760438faa7c4_950x950.jpeg, 55df9e25-d409-4ad8-804f-a8ffbe0de9a5_950x950.jpeg, 83be224a-9be7-11ef-8f21-0a580a682d24.jpg, a38037ac-a864-4317-bedb-36ca202ae221_950x950.jpeg, b1e3dcbc-9a54-410d-aeb5-f83b63fb5c42(1).jpg, b1e3dcbc-9a54-410d-aeb5-f83b63fb5c42.jpg, c6958ccb-bb93-456a-9e59-427fd86ab846_950x950.jpeg, cb332b4f-e390-4f63-9250-da45e22951c4_950x950.jpeg, cb8ca1e0a2d295ddda8e9e10260492ac.jpg, d3c6ee92-d29e-45af-9676-74308b732fbb_950x950.jpeg, dd5ee2a0-cf0c-43db-9953-2d86e43a7871_800x800(1).jpeg, dd5ee2a0-cf0c-43db-9953-2d86e43a7871_800x800.jpeg, de8e374938a9ec9f307ec9ae0c5d767f.jpg, f0c487380b0f580de51bc32acda02be6.jpg, f70024ff-d5dc-4d67-9acf-5f5334dcd8e7_950x950.jpeg","30pcs Self-Adhesive Cable Clips - Keep Your Cords Organized & Out of Sight! | Material : Plastic Item ID : WQ16107 Copy Origin : Guangdong,China","These 30 self-adhesive cable clips are perfect for keeping your workspace organized and your cords neatly tucked away. Made from durable plastic, they provide a reliable solution for managing cables in your DIY electronics projects. Simply peel off the backing and stick them to any clean surface to create a tidy setup. Ideal for use with microcontrollers, power supplies, and other electronic components, these clips help prevent tangling and damage to your cables. Enhance your workspace efficiency with this simple yet effective organization tool.","cable management, self-adhesive, organization, electronics, workspace, diy, clips, plastic, tidy, microcontroller",cable management clips,"organizing microcontroller setups, cable routing for robotics, tidy workspace for electronics, DIY home theater cable management",30,30,₪6.32
OLED Display Module 128x32,C:\Users\Royma\Downloads\Temu Items 2\self oled display module white_blue 128x32 - Temu.html,C:\Users\Royma\Downloads\Temu Items 2\self oled display module white_blue 128x32 - Temu_files,"2cf573ac-bf4e-11ef-abc2-0a580a660e6a.jpg, 2f9697bd-68f4-4b29-91da-08627b297834(1).jpg, 2f9697bd-68f4-4b29-91da-08627b297834.jpg, 4f262b89-0d8d-43eb-9b32-4508b21bec86.jpg, 50cd24ef204985070c3a7d29c0879d99_1734761324582.jpg, 8b54296b-3431-47fb-9ebd-6d19fc9e4a29(1).jpg, 8b54296b-3431-47fb-9ebd-6d19fc9e4a29.jpg, 8dc3fa74-f9f8-4bda-a8ad-39c49d8f317d.jpg, a646ebbc-67ab-4a49-bc5c-6eceecef7234.jpg, af19ed05-5cdd-4324-acf3-20fe7ec152a8(1).jpg, af19ed05-5cdd-4324-acf3-20fe7ec152a8.jpg, c017adb6-4f64-4ab4-a1e8-a3d857430161.jpg, c7abe9ee-73d9-4c90-870e-584600b64fa3(1).jpg, c7abe9ee-73d9-4c90-870e-584600b64fa3.jpg, d0e4f550-f308-4af6-a020-15c7a0f34190_300x300.jpeg","Self-Illuminating 2.31cm OLED Display Module, White/Blue, 128x32 Pixels, IIC Interface, Compatible with Arduino 3.3V/5V Power Supply | Battery Properties : Without Battery Operating System : Linux RAM Memory Technology : Lpddr4 See all details and dimensions | Product Overview: This OLED screen does not require a backlight as it emits its own light. It outperforms conventional LCDs and consumes less power. Details: Driver IC: SSD1306 Size: 0.91 inches OLED Resolution: 128 x 32 Dimensions: 38 * 12 mm Interface: IIC Pin Details: GND: Ground VCC: Power + (DC 3.3 ~5v) Operating Temp: -40 ~ 85 ℃ SCL: Clock Line SDA: Data Line","This self-illuminating OLED display module features a resolution of 128x32 pixels, making it ideal for compact projects where visibility is key. With its IIC interface, it is compatible with both 3.3V and 5V microcontrollers, such as Arduino, simplifying integration into your DIY electronics projects. The display emits its own light, eliminating the need for a backlight and providing superior performance over traditional LCDs while consuming less power. Its compact size and wide operating temperature range (-40 to 85 ℃) make it suitable for various applications, from wearables to IoT devices.","oled, display, module, arduino, electronics, iic, 128x32, low-power, diy, maker",OLED display module,"wearable displays, IoT dashboards, sensor readouts, portable devices",,1,₪9.08
Solderless Breadboard Kit,"C:\Users\Royma\Downloads\Temu Items 2\solderless breadboard kit with 3x830 3 6 tie points usb powered rails for shield pcb projects - business, & science - Temu.html","C:\Users\Royma\Downloads\Temu Items 2\solderless breadboard kit with 3x830 3 6 tie points usb powered rails for shield pcb projects - business, & science - Temu_files","04271ca7-eee3-4339-8d16-fb72470515b3.jpg, 0ae08a2a8bce4152302c92e499100450.jpg, 0fb07403015f8e94e1cb0245c4c9af33(1).jpg, 0fb07403015f8e94e1cb0245c4c9af33.jpg, 20a1fdb13f1361ceb1894829cd851002.jpg, 45107cfa586a506aa18534130f7192e5.jpg, 6a4664bcae563e2b7fcd08392ce04ac7.jpg, 6d3c734470fd4ef35f09355717d1f282.jpg, 6de7f9da465597101de8c28c70b273ab.jpg, bfd18f626a37279733091ed4894e595a.jpg, c4154c62-2e87-472d-894c-7a2eda306991.jpg, cd28a3de-7b89-4fba-8b72-cf820fafd6fd(1).jpg, cd28a3de-7b89-4fba-8b72-cf820fafd6fd.jpg, ec30ff73-1255-4586-a611-56bcfdf0d354.jpg, ee1a6606-5c10-4656-96cf-0caab80444ff_300x300.jpeg","Solderless Breadboard Kit with 3x830/3x400/6x170 Tie Points - USB Powered, Color-Coded Rails for Proto Shield & PCB Projects | Power Mode : USB Operating Voltage : ≤36V Battery Properties : Without Battery See all details | 3x830/3x400/6x170 MB-102 Breadwild pigd Point Solderless Prototype PCB wild pigd Kit for Proto Shield Distribution Connecting Blos","This solderless breadboard kit includes three different sizes of breadboards (3x830, 3x400, and 6x170 tie points), making it versatile for various prototyping needs. The color-coded rails facilitate easy connections and organization, ideal for both beginners and experienced makers. Powered via USB, it supports a wide operating voltage of up to 36V, allowing for diverse project applications. This kit is perfect for creating temporary circuits without the need for soldering, enabling quick iterations on your designs.","breadboard, solderless, prototyping, electronics, DIY, USB powered, circuit design, maker tools",breadboard kit,"Arduino projects, LED displays, sensor integrations, circuit testing, educational demos",,3 breadboards,₪23.50
Manual Tin Suction Pump,C:\Users\Royma\Downloads\Temu Items 2\sponge sleeve soft handle enlarged strong tin suction device - Temu.html,C:\Users\Royma\Downloads\Temu Items 2\sponge sleeve soft handle enlarged strong tin suction device - Temu_files,"201555869d69e3221cfe422a4171f733.jpg, 258933fe268e4e86f34419fdcb777b7c.jpg, 51307305de7c84933c17fc182d1f7859.jpg, 5dc6f9cd67e76585b94a6476af203d21.jpg, 6793eda5-b58c-44b8-8093-e06f819082bb_300x300.jpeg, 7b1dd170b86c3cbac416afb9120ef8cc(1).jpg, 7b1dd170b86c3cbac416afb9120ef8cc.jpg, 896111f1927ff1d322f8c32eccdc96e4(1).jpg, 896111f1927ff1d322f8c32eccdc96e4.jpg, ab29cef5ab908d0019b2180162709a66(1).jpg, ab29cef5ab908d0019b2180162709a66.jpg, b0de7300f0963adb9df88d2153a70318(1).jpg, b0de7300f0963adb9df88d2153a70318.jpg, c5241035ac528e750c8676917b442e4c.jpg, d140f6356f5edd56563c01b8a23a5276.jpg, f55bd3d0048a5a91d9a972123cf12e22.jpg","With Sponge Sleeve, Soft Handle, Enlarged Strong Tin Suction Device, Tin Suction Gun, 366D Strong Manual Double Ring Extended Tin Pump | Material : Silicone Battery Properties : Without Battery Item ID : BW30221 Copy See all details and dimensions","This Manual Tin Suction Pump is designed for efficient solder removal in your DIY electronics projects. Featuring a soft handle and a strong suction mechanism, it allows for precise control when desoldering components from PCBs. The silicone sleeve provides comfort during prolonged use, making it an essential tool for any maker's lab. Ideal for both beginners and experienced hobbyists, this pump enhances your soldering workflow and helps maintain clean circuit boards.","soldering, desoldering, electronics, diy, maker, tools, pcb, solder, pump, manual",soldering tool,"PCB repair, electronics prototyping, component replacement, DIY electronics kits",,1,₪11.66
Stainless Steel Screw Assortment Kit,C:\Users\Royma\Downloads\Temu Items 2\stainless steel ss304 screws an head screws nuts bolts - Temu.html,C:\Users\Royma\Downloads\Temu Items 2\stainless steel ss304 screws an head screws nuts bolts - Temu_files,"057c7364-d2d6-4f9f-ac41-43ee3eb170b6.jpg, 1704878268123-6f65047028a6407bb52fe8ff6594460a-goods.jpeg, 1704878268612-efefa204cb044114ad1ee4a198bd2665-goods.jpeg, 1704878269114-f4b024dae9dc4ec49257c18d83f9d4c5-goods.jpeg, 1704878269794-29d923b3966a401aa6eb691561db4515-goods(1).jpeg, 1704878269794-29d923b3966a401aa6eb691561db4515-goods.jpeg, 1704878270972-c81c54e2402246b08e1f2dcdf522fab5-goods.jpeg, 1704878271779-d570ca12a510414c9368f71a66f2ea13-goods.jpeg, 1704878273949-8f1381ff49a34196bd8ee49d8b001bcd-goods.jpeg, 2b44f018-ed1b-4599-8363-0242bfeaf2b9(1).jpg, 2b44f018-ed1b-4599-8363-0242bfeaf2b9.jpg, 4bc98fe2-0dbd-470a-8295-c7a2a0986232.png, 5271001a-8f2c-4c8b-bb5e-cd1524fabe48_300x300.jpeg, 5bbb5092-02f0-41df-a473-4f475a1173c5.jpg, 7194ecb6-b762-41ac-8c57-79ffb1a66a0a.jpg, a1d6e971-411e-4f81-ad98-7c1e28917443.jpg","320Pcs Stainless Steel SS304 Screws An Head Screws Nuts Bolts Assortment Kit M2 M2.5 M3 M4 M5 Metic Nut And Bolt Assortment | Material : Stainless Steel Nut Type : Snap-in Brand : ELECTRAPICK See all details and dimensions | Description: 320PCS M2, M2.5, M3, M4, M5 Stainless Steel Screws nuts washers kit Material: Stainless Steel Package included: 20xM2 Nuts 20xM2.5 Nuts 20xM3 Nuts 10xM4 Nuts 10xM5 Nuts 20xM2 6mm Screws 20xM2.5 8mm Screws 10xM3 8mm Screws 5xM3 12mm Screws 5xM3 16mm Screws 5xM4 8mm Screws 5xM4 16mm Screws 5xM5 8mm Screws 5xM5 16mm Screws 20xM2 6mm washer 20xM2.5 8mm washer","This 320-piece stainless steel screw assortment kit is perfect for your DIY electronics projects. It includes a variety of M2, M2.5, M3, M4, and M5 screws, nuts, and washers, allowing you to easily secure components in your microcontroller and embedded systems. The durable SS304 material ensures longevity and resistance to corrosion, making it ideal for both indoor and outdoor applications. With a range of sizes included, you'll have the right fastener on hand for any assembly task.","stainless steel, screws, nuts, bolts, hardware, electronics, diy, fasteners, m2, m3, m4, m5",screw and nut kit,"Arduino enclosures, Raspberry Pi mounts, robot chassis assembly, custom electronics projects",320,320,₪11.75
10m Dual-Sided Adhesive Tape,C:\Users\Royma\Downloads\Temu Items 2\super sided tape thick red - Temu.html,C:\Users\Royma\Downloads\Temu Items 2\super sided tape thick red - Temu_files,"05c55ad7d8fcace7efe7164a57659e58.jpg, 0ca2720f69b53bca94fd02d34cbd7ba1.jpg, 2549ca08-f655-11ee-8ea8-0a580a682aa7(1).jpg, 2549ca08-f655-11ee-8ea8-0a580a682aa7.jpg, 2ce4e3bc-32bc-11ef-81a6-0a580a661a02(1).jpg, 2ce4e3bc-32bc-11ef-81a6-0a580a661a02.jpg, 3d2701228bcb2f195eb10b8d1b24d613.jpg, 59fff987-b72e-4199-9126-8e3490d4f66e.jpg, 6227ba34-c976-471e-9483-1679cfaf92a9_300x300.jpeg, a13c707fa1194aa9f0789a0c3e3dcb98(1).jpg, a13c707fa1194aa9f0789a0c3e3dcb98.jpg, e22bd2cf-a607-48d7-8ee9-7881ea2755b1.jpg, ef34c77f2904e57f6ccf341396f5f941.jpg","10m Super Strong Dual-Sided Adhesive Tape, 1.0mm Thick, Red & Black Design - Waterproof, Heat Resistant, Ideal for Mounting, Labeling & Office Use (Available in 10m Rolls with 10mm/15mm/20mm Widths) | Major Material : PE (polyethylene) Load-bearing range : 1-3kg Item ID : UX40419 Copy See all details","This 10m roll of super strong dual-sided adhesive tape is perfect for various DIY electronics projects. With a thickness of 1.0mm and a robust load-bearing capacity of 1-3kg, it provides reliable adhesion for mounting components, securing wires, or labeling. The waterproof and heat-resistant properties make it suitable for both indoor and outdoor applications. Available in multiple widths, this tape is a versatile addition to your maker toolkit.","adhesive tape, double-sided, mounting, waterproof, heat resistant, diy projects, electronics, labeling, strong bond",adhesive tape roll,"mounting sensors, securing wires, labeling components, creating prototypes",,,₪4.83
Double-Sided Foam Tape,C:\Users\Royma\Downloads\Temu Items 2\super strong double sided tape black multi shape foam walls - Temu.html,C:\Users\Royma\Downloads\Temu Items 2\super strong double sided tape black multi shape foam walls - Temu_files,"631a1a124f9a49f1a29009aa614ebbb3-goods.jpeg, 77a61ea48689fe828cf81d83e4f1e05e1744273202377(1).jpg, 77a61ea48689fe828cf81d83e4f1e05e1744273202377.jpg, 8e0bfb57ffac42fead317f7c36816816-goods(1).jpeg, 8e0bfb57ffac42fead317f7c36816816-goods.jpeg, a0988829-5fda-4486-9166-be3c5260c6f8_300x300.jpeg, a0e3c1cfeff744e993fbe976736ee97c-goods.jpeg, b585652ed71547649f41ee90e6b1b1f9-goods(1).jpeg, b585652ed71547649f41ee90e6b1b1f9-goods.jpeg, bc0e48fce8ec41adb33ed40171ef61cb-goods(1).jpeg, bc0e48fce8ec41adb33ed40171ef61cb-goods.jpeg","60pcs Super Strong Double-Sided Tape - Black, Multi-Shape Foam for Walls, Floors & Doors - Ideal for Crafts, Arts & Plastic Applications - Non-Waterproof, Adheres to Plastic, Arts and Crafts Supplie | Recommended Usage : Arts and craft Water Resistance Level : Non-waterproof Surface Recommendation : Plastic See all details and dimensions","This 60-piece set of super strong double-sided foam tape is perfect for a variety of DIY electronics projects. Its multi-shape foam design allows for easy application on walls, floors, and doors, making it an excellent choice for mounting components or securing wires in your projects. Although it is non-waterproof, it adheres well to plastic surfaces, making it ideal for arts and crafts as well as electronics applications. Whether you're building prototypes or creating custom enclosures, this tape will provide reliable adhesion.","double-sided tape, foam tape, adhesive, crafts, electronics, mounting, DIY, non-waterproof, plastic, strong adhesion",adhesive tape,"mounting sensors, securing wires, prototype enclosures, crafting projects",60,60 pieces,Est.₪6.65
Acrylic PVC Sheets (30pcs),C:\Users\Royma\Downloads\Temu Items 2\Temu ｜ Order Detail (8_22_2025 11：29：03 PM).html,C:\Users\Royma\Downloads\Temu Items 2\Temu ｜ Order Detail (8_22_2025 11：29：03 PM)_files,main.webp,"30pcs Clear/Black Acrylic PVC Sheets for Crafts, Thin Rigid Plastic Boards for Cutting, Painting, Picture Frame Replacement - Expanded PVC Material","This set of 30 clear and black acrylic PVC sheets is perfect for a variety of DIY electronics and craft projects. The thin, rigid plastic boards can be easily cut, painted, or used as picture frame replacements, making them versatile for custom enclosures or mounting solutions. Their lightweight nature and durability make them ideal for prototyping and creating protective covers for your microcontroller projects. Whether you're building a custom case or designing a display, these sheets will provide the flexibility and strength you need.","acrylic sheets, pvc sheets, craft materials, electronics enclosure, prototyping, diy projects, rigid plastic, picture frame, custom cases",craft sheets,"custom enclosures, protective covers, display stands, picture frame replacements, signage",30,30,₪21.14
Touch Switch Button Set,C:\Users\Royma\Downloads\Temu Items 2\Temu ｜ Order Detail (8_22_2025 11：32：55 PM).html,C:\Users\Royma\Downloads\Temu Items 2\Temu ｜ Order Detail (8_22_2025 11：32：55 PM)_files,main.webp,"Touch Switch Car Switch Button 10 Specifications, Each With 25 Patch Switches 250PCS","This Touch Switch Button Set includes 250 patch switches, ideal for various DIY electronics projects. Each switch is designed for easy integration into microcontroller circuits, making it perfect for creating touch-sensitive interfaces. Use these buttons to enhance your projects with tactile control, whether it's for robotics, home automation, or custom gaming controllers. The compact design allows for efficient use of space on your PCB, while the reliable performance ensures longevity in your applications.","touch switch, button, electronics, diy, microcontroller, patch switch, robotics, home automation, gaming, tactile control",switch button set,"touch-sensitive lamp, custom game controller, smart home device, interactive art installation",250,250,₪16.09
Waterproof 6-Pin Rocker Switch,C:\Users\Royma\Downloads\Temu Items 2\Temu ｜ Order Detail (8_22_2025 11：33：23 PM).html,C:\Users\Royma\Downloads\Temu Items 2\Temu ｜ Order Detail (8_22_2025 11：33：23 PM)_files,main.webp,4pcs Momentary Waterproof Black 6Pin Rocker Switch 3 Position,"This set of four momentary waterproof black rocker switches is perfect for your DIY electronics projects. With a 3-position design, these switches allow for versatile control in various applications, from robotics to home automation. Their waterproof feature ensures durability and reliability in outdoor or humid environments. Ideal for use with microcontrollers, these switches can easily integrate into your embedded workflows for seamless user interaction.","rocker switch, waterproof, momentary, 6-pin, electronics, diy, microcontroller, embedded, robotics, automation",switch set,"robot control panel, outdoor lighting system, custom game controller, home automation interface",4,4,₪24.39
KCD4 Waterproof Rocker Switch,C:\Users\Royma\Downloads\Temu Items 2\Temu ｜ Order Detail (8_22_2025 11：39：07 PM).html,C:\Users\Royma\Downloads\Temu Items 2\Temu ｜ Order Detail (8_22_2025 11：39：07 PM)_files,main.webp,KCD4 Stainless Steel Waterproof Rocker Switch ON-OFF 4-pin Electrical Equipment Switch With LED Power Supply,"The KCD4 Stainless Steel Waterproof Rocker Switch is an essential component for any DIY electronics project requiring reliable on-off control. With its 4-pin configuration and built-in LED indicator, this switch allows for easy integration into various electrical setups. Its waterproof design ensures durability and performance in outdoor or harsh environments. Ideal for use in automotive, marine, or home automation applications, this switch can enhance the functionality of your projects while providing a professional finish.","rocker switch, waterproof switch, electrical switch, led switch, kcd4, stainless steel, diy electronics, embedded systems",electrical switch,"automotive lighting control, marine equipment control, home automation systems, outdoor lighting projects",,1,₪9.27
KCD4 Waterproof Rocker Switch,C:\Users\Royma\Downloads\Temu Items 2\Temu ｜ Order Detail (8_22_2025 11：39：49 PM).html,C:\Users\Royma\Downloads\Temu Items 2\Temu ｜ Order Detail (8_22_2025 11：39：49 PM)_files,main.webp,KCD4 Stainless Steel Waterproof Rocker Switch ON-OFF 4-pin Electrical Equipment Switch With LED Power Supply,"The KCD4 Stainless Steel Waterproof Rocker Switch is an ideal component for your DIY electronics projects, providing reliable ON-OFF control for various electrical equipment. Its 4-pin design allows for easy integration into microcontroller circuits, making it suitable for both prototyping and final builds. The built-in LED indicator enhances visibility, ensuring you can easily monitor the switch's status. With its waterproof feature, this switch is perfect for outdoor applications or environments where moisture is a concern.","rocker switch, waterproof switch, stainless steel, electrical switch, led indicator, 4-pin switch, diy electronics, microcontroller, prototyping, outdoor projects",electrical switch,"outdoor lighting control, DIY power supply switch, home automation system, custom arcade machine, portable device power control",,1,₪9.27
Stainless Steel Waterproof Toggle Switch,C:\Users\Royma\Downloads\Temu Items 2\Temu ｜ Order Detail (8_22_2025 11：40：15 PM).html,C:\Users\Royma\Downloads\Temu Items 2\Temu ｜ Order Detail (8_22_2025 11：40：15 PM)_files,main.webp,2pcs Stainless Steel Waterproof Toggle Swith 12V Heavy Duty Toggle Flick Switch ON OFF ON Car Metal SPDT SPST P0.05 15A 250V Terminal,"This set of two stainless steel waterproof toggle switches is perfect for your DIY electronics projects. Designed for heavy-duty applications, these switches can handle up to 15A at 250V, making them suitable for automotive and outdoor use. The SPDT and SPST configurations allow for versatile wiring options, enabling you to control multiple devices with ease. Their durable construction ensures longevity, even in harsh environments, making them an excellent choice for embedded systems.","toggle switch, waterproof, stainless steel, heavy duty, spdt, spst, electronics, diy, automotive",toggle switch set,"automotive lighting control, outdoor lighting systems, custom control panels, robotics projects",2,2,₪6.16
DPDT Rocker Switch 2pcs,C:\Users\Royma\Downloads\Temu Items 2\Temu ｜ Order Detail (8_22_2025 11：41：08 PM).html,C:\Users\Royma\Downloads\Temu Items 2\Temu ｜ Order Detail (8_22_2025 11：41：08 PM)_files,main.webp,2pcs 6Pin 3 Position Boat (On)Off (On) Momentary Rocker Switch DPDT 16A 250V AC 20A 125VAC,"This pack includes two 6-pin DPDT rocker switches, perfect for controlling power in your DIY electronics projects. With a momentary on-off-on configuration, these switches can handle up to 16A at 250V AC and 20A at 125VAC, making them suitable for a variety of applications. Their compact design allows for easy integration into your projects, whether you're building a custom control panel or enhancing an existing device. Ideal for both beginners and experienced makers, these switches provide reliable performance and versatility.","rocker switch, dpdt, momentary switch, electronics, diy, control switch, 6 pin, ac switch, maker projects, embedded systems",rocker switch,"custom control panel, robotic arm control, lighting control system, model train switch, audio equipment power switch",2,2,₪6.16
20-Pack Blue PCB Screw Terminal Blocks,C:\Users\Royma\Downloads\Temu Items 2\Temu ｜ Order Detail (8_22_2025 11：44：03 PM).html,C:\Users\Royma\Downloads\Temu Items 2\Temu ｜ Order Detail (8_22_2025 11：44：03 PM)_files,main.webp,"20-Pack Blue Pcb Screw Terminal Blocks - 2 & 3 Pin Wire Connectors, Quick Connect, Copper Contacts, High Voltage Resistance","This 20-pack of blue PCB screw terminal blocks provides a reliable and efficient way to connect wires in your electronic projects. With 2 and 3 pin configurations, these connectors are perfect for quick connections and disconnections, making them ideal for prototyping and testing. The copper contacts ensure high voltage resistance, allowing for safe and stable connections in various applications. Use these terminal blocks to streamline your wiring and improve the overall organization of your circuits.","pcb, screw terminal, wire connectors, electronics, prototyping, high voltage, copper contacts, diy, maker",screw terminal blocks,"Arduino projects, Raspberry Pi connections, sensor integration, LED displays, robotics wiring",,20,₪10.43
JST 2 Pin Plug Connector Set,C:\Users\Royma\Downloads\Temu Items 2\Temu ｜ Order Detail (8_22_2025 11：45：56 PM).html,C:\Users\Royma\Downloads\Temu Items 2\Temu ｜ Order Detail (8_22_2025 11：45：56 PM)_files,main.webp,"10/20 Pairs JST 2 Pin Plug Connector, Male Female Plug Connector Cable Wire For LED Lamp Strip RC Toys Battery","This set of 10/20 pairs of JST 2 pin plug connectors is ideal for various DIY electronics projects. Each connector features a secure male and female design, making them perfect for connecting LED lamp strips, RC toys, and battery packs. Their compact size and reliable connection ensure a stable power supply for your projects. These connectors are easy to use and can be soldered onto wires for a custom fit in your embedded systems.","jst connector, 2 pin, plug connector, electronics, diy, led, rc toys, battery, wiring, connectors",connector set,"LED strip lighting, RC vehicle modifications, battery management systems, custom electronics projects",,20 pairs,₪5.59
Compact Lever Connector Nuts,C:\Users\Royma\Downloads\Temu Items 2\Temu ｜ Order Detail (8_22_2025 11：46：45 PM).html,C:\Users\Royma\Downloads\Temu Items 2\Temu ｜ Order Detail (8_22_2025 11：46：45 PM)_files,main.webp,"90pcs Leads Compact Connector Lever Connector Nuts, Wiring Terminals For Electrical Connectors Any Circuit Inline Splicing 28-12 AWG","These 90 compact lever connector nuts are ideal for creating reliable electrical connections in your DIY projects. Designed for easy inline splicing, they accommodate wire sizes from 28 to 12 AWG, making them versatile for various applications. Their user-friendly lever mechanism allows for quick and secure connections without the need for soldering. Perfect for prototyping and wiring in microcontroller projects, these connectors ensure a tidy and efficient setup.","connector, wiring, terminals, electrical, splicing, microcontroller, diy, prototyping, compact, lever",wiring terminals,"Arduino projects, Raspberry Pi setups, LED strip installations, robotics wiring, home automation systems",90,90,₪14.39
USB Type C Connector Jack Female,C:\Users\Royma\Downloads\Temu Items 2\Temu ｜ Order Detail (8_22_2025 11：47：46 PM).html,C:\Users\Royma\Downloads\Temu Items 2\Temu ｜ Order Detail (8_22_2025 11：47：46 PM)_files,main.webp,5pcs USB Type C Connector Jack Female 3A Fast Charging Jack Port Charger Plug Charging Cable Replacement Extension Black/White,"This pack of 5 USB Type C connector jacks is perfect for DIY electronics projects that require reliable charging and data transfer capabilities. With a 3A fast charging capacity, these connectors are ideal for creating custom charging cables or extending existing ones. The connectors come in both black and white, allowing for versatile design options in your projects. Whether you're building a portable device or need replacements for existing setups, these jacks will meet your needs efficiently.","usb, type c, connector, female, charging, fast charging, electronics, diy, replacement, cable",connector jack,"custom charging cables, portable device assembly, cable extension projects, electronics repair",5,5,₪11.59
ESP8266 NodeMCU Development Board,C:\Users\Royma\Downloads\Temu Items 2\Temu ｜ Order Detail (8_24_2025 9：05：29 PM).html,C:\Users\Royma\Downloads\Temu Items 2\Temu ｜ Order Detail (8_24_2025 9：05：29 PM)_files,main.webp,ESP8266 NodeMCU LUA CP2102 ESP-12E Internet WiFi Development Board Open Source Serial Wireless Module Internet for Arduino IDE Micropython,"The ESP8266 NodeMCU is a versatile WiFi development board that integrates the ESP-12E module, making it ideal for IoT projects. It supports Lua and MicroPython, allowing for easy programming and rapid prototyping. With its built-in CP2102 USB-to-serial converter, connecting to your computer is straightforward, enabling seamless uploads of code via the Arduino IDE. This board is perfect for creating connected devices, smart home applications, and sensor networks.","esp8266,nodemcu,wifi,development board,iot,arduino,micropython,open source,wireless,module",development board,"smart home automation,weather station,IoT sensor network,remote control systems",,1,₪15.74
Cordless Lithium Battery Glue Gun,C:\Users\Royma\Downloads\Temu Items 2\Temu ｜ Order Detail (8_24_2025 9：16：18 PM).html,C:\Users\Royma\Downloads\Temu Items 2\Temu ｜ Order Detail (8_24_2025 9：16：18 PM)_files,main.webp,"1pc Lithium Battery Glue Gun, 20W Handmade DIY Hot Melt Glue Gun, Cordless Portable Glue Gun, 7mm Glue Stick, USB Charging","This 20W cordless glue gun is perfect for DIY projects, offering the convenience of portability with its lithium battery power. Ideal for crafting and repairs, it uses 7mm glue sticks and can be easily charged via USB, making it a versatile tool for makers. The hot melt adhesive provides strong bonding for various materials, enhancing your project outcomes. Whether you're working on electronics, woodworking, or home decor, this glue gun is a must-have in your toolkit.","glue gun, cordless, lithium battery, hot melt, diy tools, crafting, portable, usb charging, maker projects",glue gun,"electronic enclosures, model building, home decor, crafting, repairs",1,1,₪72.28
Solder Sucker Vacuum Pump,C:\Users\Royma\Downloads\Temu Items 2\Temu ｜ Order Detail (8_24_2025 9：20：16 PM).html,C:\Users\Royma\Downloads\Temu Items 2\Temu ｜ Order Detail (8_24_2025 9：20：16 PM)_files,main.webp,Solder Sucker Aluminum Suction Pump Suction Tin Pen Removal Device To Remove Old Hand Welding Tools Vacuum Soldering Iron Desolder Blue,"The Solder Sucker Vacuum Pump is an essential tool for any DIY electronics lab, designed to efficiently remove solder from circuit boards. Its aluminum construction ensures durability while the ergonomic design allows for comfortable handling during desoldering tasks. This device is perfect for beginners and experienced makers alike, facilitating quick and clean removal of old solder. Ideal for use with a soldering iron, it helps maintain the integrity of your components and PCB during repairs or modifications.","solder sucker, vacuum pump, desoldering tool, electronics, diy, soldering, maker, aluminum, hand tools",desoldering tool,"repairing circuit boards, modifying electronics, building custom devices",,,₪8.39
TM1637 4-Digit LED Display Module,"C:\Users\Royma\Downloads\Temu Items 2\tm1637 0 56 led module 4 digit 7 multicolor yellow white for easy pcb mount adjustable brightness - business, & science - Temu.html","C:\Users\Royma\Downloads\Temu Items 2\tm1637 0 56 led module 4 digit 7 multicolor yellow white for easy pcb mount adjustable brightness - business, & science - Temu_files","0f2ba19f-0000-4674-a604-cd3406e2c112_750x452.png, 165f80992c17dfbd5fd5b3ab8fdd9715(1).jpg, 165f80992c17dfbd5fd5b3ab8fdd9715.jpg, 278cf6cc60fcace87dcfbd4150e09c49.jpg, 27e3930f801f216e4f740f2b388a3e76.jpg, 43a8de76cbe738f8d6b409334f0db8e7.jpg, 5a934e73-8320-4688-af9f-00ca444eafb2_750x842.png, 861cbebd31d2172e41b9dd083bfa3680.jpg, 8c3020de-ad58-4b8a-9261-c354cd8db8f8(1).png, 8c3020de-ad58-4b8a-9261-c354cd8db8f8.png, 9d1188c5-e59e-4423-9e76-0c251352efd7_300x300.jpeg, b462d6511676a3448cc93fb0a905a9ea(1).jpg, b462d6511676a3448cc93fb0a905a9ea.jpg, ba82f8b540ea5d12c90343191a52c2f3.jpg, cb7487da-c398-48a3-9f0a-8de829759086_750x764.png, d761012eca907ca74d2fd5524ad19da2.jpg","TM1637 0.56"" LED Digital Display Module - 4-Digit, 7-Segment, Multicolor (Yellow/White/Red/Green/Blue) for Arduino, Easy PCB Mount, Adjustable Brightness","The TM1637 4-Digit LED Display Module is perfect for displaying numerical data in your microcontroller projects. With its vibrant multicolor options and adjustable brightness, you can easily integrate it into various applications. This module is designed for straightforward PCB mounting, making it a great addition to your DIY electronics lab. Compatible with Arduino and other microcontrollers, it allows for quick prototyping and experimentation with visual outputs.","tm1637, led display, 7-segment, arduino, electronics, diy, multicolor, adjustable brightness, pcb mount",LED display module,"digital clock, temperature display, score counter, simple game scoreboard",,1,
Transparent Hot Melt Glue Sticks,C:\Users\Royma\Downloads\Temu Items 2\transparent hot melt stick high stick - Temu.html,C:\Users\Royma\Downloads\Temu Items 2\transparent hot melt stick high stick - Temu_files,"072deb79-e587-479b-b899-cd0692d0256f_1276x1702.jpeg.a.jpeg, 15489fc7-7b5c-4726-aa67-bff24d9f3fd9_1276x1702.jpeg(1).a.jpeg, 15489fc7-7b5c-4726-aa67-bff24d9f3fd9_1276x1702.jpeg.a.jpeg, 1d367726-411c-4aca-8ae6-907791cbc535_1276x1702.jpeg.a.jpeg, 2cb32c6846abb6c55ddc264add9a89e9(1).jpg, 2cb32c6846abb6c55ddc264add9a89e9.jpg, 7ea44ba5-9c33-4b17-8eb4-6734f50b19e8_1276x1702.jpeg.a.jpeg, 955283ee-be3c-4f58-bb0a-1eeed6ffb148_800x800.jpeg, b61b83b3-f06b-4e69-a4e3-6a48539906e2_790x678.jpeg, b695c64e7339f169df4ce76efe920fea.jpg, bc1c567d3956a30f69e878f817fdb1bc.jpg, bc4ab349f75b66150d0e196bad867929.jpg, d7b7809dc7221040d83dac293230b9b3(1).jpg, d7b7809dc7221040d83dac293230b9b3.jpg","10pcs/20pcs/30pcs, Transparent Hot Melt Glue Stick, 7/11mm, High Viscosity Glue Stick, DIY Glue Gun Glue Stick for factory&workshops&packers&contractors","These high viscosity transparent hot melt glue sticks are perfect for a variety of DIY electronics projects. Available in packs of 10, 20, or 30, they fit standard glue guns with a diameter of 7mm or 11mm. Ideal for securing components, creating prototypes, or even crafting custom enclosures. Their strong adhesive properties make them suitable for both temporary and permanent bonding in your maker workflows.","hot melt glue, glue sticks, diy, electronics, prototyping, adhesive, crafting, glue gun, high viscosity",adhesive glue sticks,"prototype assembly, securing components, creating custom enclosures, crafting electronics projects",10,10-30 sticks,
Silicone Soldering Mat,C:\Users\Royma\Downloads\Temu Items 2\turquoise silicone soldering mat ruler screw – - Temu.html,C:\Users\Royma\Downloads\Temu Items 2\turquoise silicone soldering mat ruler screw – - Temu_files,"453b996f-5dca-49c2-8231-f8b27d83c2d8.jpg, 4aaaaad5195105189f6b68355b8c03e9.jpg, 6793eda5-b58c-44b8-8093-e06f819082bb_300x300.jpeg, 6bd932feedb07dc6e040a2e923362754(1).jpg, 6bd932feedb07dc6e040a2e923362754.jpg, 6e2c1e77c1f38a534993a65575e3ef2c(1).jpg, 6e2c1e77c1f38a534993a65575e3ef2c.jpg, 9d8ec15d2ca023fd83c226dcbef6a436(1).jpg, 9d8ec15d2ca023fd83c226dcbef6a436.jpg, e9f579f1bf67ef2db925c1842a784bc0.jpg, f56634b0743d5a56b19c7ab36304ec15.jpg","Turquoise Silicone Soldering Mat with Ruler & Screw Positions – Heat-Resistant, Anti-Scald, Magnetic Welding Pad for Electronics, Watch & Phone Repair Workbench | Material : Silicone Power Mode : Uncharged Battery Properties : Without Battery See all details and dimensions","This turquoise silicone soldering mat is designed for electronics enthusiasts and professionals alike. Its heat-resistant and anti-scald properties make it an ideal workspace for soldering, watch, and phone repairs. The integrated ruler and screw positions help keep your components organized and easily accessible during projects. The magnetic features ensure that small metal parts stay in place, preventing loss and enhancing efficiency. A must-have for any DIY electronics lab, this mat will protect your workbench while providing a functional workspace.","soldering mat, silicone mat, electronics repair, heat-resistant, anti-scald, magnetic pad, workbench accessory, diy electronics, watch repair, phone repair",soldering mat,"soldering electronics, repairing watches, fixing phones, building prototypes",,,₪41.81
Type-C Female Connector with Locking Mechanism,C:\Users\Royma\Downloads\Temu Items 2\type c female connector 2 pins type c female socket - Temu.html,C:\Users\Royma\Downloads\Temu Items 2\type c female connector 2 pins type c female socket - Temu_files,"606b8461-36a3-4207-9e90-6c9972ef0c25(1).jpg, 606b8461-36a3-4207-9e90-6c9972ef0c25.jpg, 6dcafd4a-4409-11ef-a53c-0a580a6610a4.jpg, 769b2506-87d0-4c88-8715-da0e730278be(1).jpg, 769b2506-87d0-4c88-8715-da0e730278be.jpg, a28aeb27-66cc-47ec-940e-c96425db846f(1).jpg, a28aeb27-66cc-47ec-940e-c96425db846f.jpg, b8b3f2b3-0909-4add-b0a4-e88991dfb56d(1).jpg, b8b3f2b3-0909-4add-b0a4-e88991dfb56d.jpg, d3cb2317-83f2-46e0-9004-81cf8f491fd7(1).jpg, d3cb2317-83f2-46e0-9004-81cf8f491fd7.jpg, d78954ca-a977-46c1-82de-65bbf3161c38_800x800.jpeg","5/10pcs Type-C Female Connector with 2 Pins, Type-C Female Socket Connector with a Locking Mechanism for 3A USB-C Charging Ports. | Battery Properties : Without Battery Brand : D-FLIFE Contain Electronic Components/Motherboard : Does not contain electronic components or motherboard See all details and dimensions | This product is constructed from PVC, ensuring a secure connection that is resistant to disconnection. The Type-C pigtail features a female Type-C connector on one end and a 2-pin bare wire on the other, offering a straightforward DIY option for Type-C connections. The USB-C electronic cable has a red wire for the positive terminal and a black wire for the negative terminal, making it user-friendly, with a rated voltage of 5V and a maximum current of 3A.","This Type-C female connector is designed for secure and reliable connections in your DIY electronics projects. With a locking mechanism, it ensures a stable connection for USB-C charging ports, capable of handling up to 3A of current. The connector features a 2-pin bare wire setup, making it easy to integrate into various microcontroller and embedded workflows. Constructed from durable PVC, it is ideal for applications requiring robust connectivity. Perfect for prototyping and custom projects, this connector simplifies your Type-C integration.","type-c, usb-c, connector, diy, electronics, prototyping, microcontroller, embedded, charging, locking mechanism",connector,"USB-C charging station, custom power supply, portable device charger, microcontroller power interface",10,5-10 pieces,₪5.61
5-LED Battery Level Indicator,"C:\Users\Royma\Downloads\Temu Items 2\ultra thin 5 led battery level indicator for lithium lead acid batteries real time percentage display 25 50 75 100 reverse polarity protection indicator light black red wires durable plastic material - business, & sc.html",,,"Ultra-Thin 5-LED Battery Level Indicator for Lithium & Lead-Acid Batteries - Real-Time Percentage Display (25%, 50%, 75%, 100%), Reverse Polarity Protection, Compact Design, Red Power Indicator Light, Black & Red Wires, Durable Plastic Material","This ultra-thin 5-LED battery level indicator is perfect for monitoring the charge levels of lithium and lead-acid batteries in your DIY projects. It provides real-time percentage displays at 25%, 50%, 75%, and 100%, allowing for quick assessments of battery status. The compact design and durable plastic material make it suitable for various embedded applications. With reverse polarity protection, you can ensure safe operation in your circuits. Ideal for makers looking to enhance their battery management systems.","battery indicator, led display, lithium battery, lead-acid battery, reverse polarity protection, compact design, electronics, diy projects",battery level indicator,"battery management system, portable power bank, solar charger, robotics power monitoring",,1,
50G Universal Adhesive,C:\Users\Royma\Downloads\Temu Items 2\universal a strong bonding agent home use - Temu.html,C:\Users\Royma\Downloads\Temu Items 2\universal a strong bonding agent home use - Temu_files,"2c273876-5737-45b5-ae41-1d629e70f1b0(1).jpg, 2c273876-5737-45b5-ae41-1d629e70f1b0.jpg, 6dbc4b47-96fa-4464-bddf-b190f2614ec8.jpg, 81191860-6aae-4cdf-89c1-7a82db43ebda.jpg, 8b9a5897-f3fe-4e37-825b-0d1382ba04ff_300x300.jpeg, 9b7806e7-8277-4f92-aac5-ee616e4a459d.jpg, cc5d7cb2-0a60-4010-82f4-c9339ea467eb.jpg, cd847d9d-3094-4328-ac2d-181f27d03ec1.jpg, d7418293-9235-4a1d-adc3-ad8104782990(1).jpg, d7418293-9235-4a1d-adc3-ad8104782990.jpg, ded8a602-0faa-4a6c-8119-6dd42963d7bd.jpg","1pc of 50G Universal Adhesive, a Strong Bonding Agent for Home Use, Waterproof And Suitable for Gluing Shoes, Metal, Wood, Plastic, And Ceramics. | Container Type : Bottle Compatible Material : Plastic Composition : See Product Details See all details","This 50G Universal Adhesive is an essential tool for any DIY electronics lab. Its strong bonding capabilities make it suitable for a variety of materials including metal, wood, plastic, and ceramics, ensuring reliable assembly of components. The waterproof formula adds durability to your projects, making it ideal for both indoor and outdoor applications. Whether you're repairing a device or building a custom enclosure, this adhesive will provide the strength and versatility you need.","adhesive, bonding, waterproof, diy, electronics, repair, materials, strong, universal",adhesive bottle,"repairing electronics, building custom enclosures, gluing components, crafting prototypes",1,,₪8.57
30W Universal AC/DC Power Adapter,C:\Users\Royma\Downloads\Temu Items 2\universal ac_ adapter switching power supply 3v 12v w_usb - Temu.html,C:\Users\Royma\Downloads\Temu Items 2\universal ac_ adapter switching power supply 3v 12v w_usb - Temu_files,"0387088c-6e8e-43fb-a273-82986e251585(1).jpg, 0387088c-6e8e-43fb-a273-82986e251585.jpg, 1543a4ad-8c6c-4194-809b-cc8594c9aa2c_300x300.jpeg, 183d7365-7197-4be9-b4b6-a6eb03b525c5.jpg, 1f8cf38f-c439-4483-a1cc-91eae79ad998.jpg, 2b618724-5000-4d31-89cc-3511ea92171c.jpg, 399520ec-465e-4366-960e-e8c6b5afb2c7.jpg, 3b182d2c-c93a-4559-a347-d3b5ac96ddaa.jpg, 666a01ad-d935-42ef-8cd8-1775bbb966e9(1).jpg, 666a01ad-d935-42ef-8cd8-1775bbb966e9.jpg, 7e2fd61d-8af5-4346-9721-a4d2d5d6e448.jpg, be057b84-d9c0-4c00-a431-162551d2942a(1).jpg, be057b84-d9c0-4c00-a431-162551d2942a.jpg, d2d5e21e-d77f-11ee-9185-0a580a682aa7.jpg, deb26275-fd4b-43a0-92e0-bff4b6d426ba(1).jpg, deb26275-fd4b-43a0-92e0-bff4b6d426ba.jpg, e4185ca2-e40a-4ca1-a934-fc517ee4fc42.jpg",Universal AC/DC Adapter 30W Switching Power Supply 3V To 12V W/USB Port & 8 Selectable 8 Adapter Plugs For Household Electronics LED Strips Tablets Webcams Speakers USB Hubs And More,"This versatile 30W universal AC/DC power adapter is perfect for powering a variety of household electronics. With output options ranging from 3V to 12V and a convenient USB port, it can easily support devices like LED strips, tablets, and webcams. The package includes 8 selectable adapter plugs, making it adaptable for different applications. Ideal for DIY projects, this power supply can be integrated into microcontroller setups or used to power various electronic components. Ensure your projects have the reliable power they need with this efficient switching power supply.","power supply, ac/dc adapter, universal adapter, electronics, diy projects, microcontroller, led strips, usb port, switching power supply",power supply,"LED strip lighting, tablet charging station, webcam power supply, USB hub project",,1,
USB Rechargeable Welding Iron,C:\Users\Royma\Downloads\Temu Items 2\usb rechargeable welding iron 5v low voltage power portable - Temu.html,C:\Users\Royma\Downloads\Temu Items 2\usb rechargeable welding iron 5v low voltage power portable - Temu_files,"10c0aa5e-d1db-47ce-943d-014957195ddc.jpg, 1bacaa68-6fd5-4400-bd22-cde264617a4f(1).jpg, 1bacaa68-6fd5-4400-bd22-cde264617a4f.jpg, 3a4e3412e9eae8ea620d36901813d068.jpg, 6793eda5-b58c-44b8-8093-e06f819082bb_300x300.jpeg, 75e83b47255ba2ea69132e2d01916ff4(1).jpg, 75e83b47255ba2ea69132e2d01916ff4.jpg, 768005f6-df98-4db4-91c9-8ab9ee21826d(1).jpg, 768005f6-df98-4db4-91c9-8ab9ee21826d.jpg, b12ac580-7cb1-4a6a-9675-bfa227c9f49d(1).jpg, b12ac580-7cb1-4a6a-9675-bfa227c9f49d.jpg, cba0cfc8d5c3275da6365ad9a53969db.jpg, dbe448c6-f0ff-4e3e-ad8f-5f98888edef9(1).jpg, dbe448c6-f0ff-4e3e-ad8f-5f98888edef9.jpg, e46f2028-6c1c-4dec-9767-16b7698f1196.jpg","USB Rechargeable Welding Iron with 5V Low Voltage 8W Power - Portable Mini Handheld Welding Tool for DIY, Metalworking, Welding Accessories, Welding Accessories Rechargeable, Metalworking Tool, Compact Design, Durable Construction | Power Mode : USB Charging Rechargeable Battery : Lithium Battery-Polymer Battery Properties : Rechargeable Battery See all details and dimensions | Product Description: Main material: Aluminum alloy Color: As shown Size(L x W): About 190 x 16mm/7.4 x 0.6inch Tin Melting Time: <15s Working voltage: 5V Working power: 8W Battery capacity: 800mAh Temperature(adjustable): 330-450℃ Auto Sleep Time: 10Min Package included: 1pc x 5v soldering iron 1pc x solder tip 1pc x USB cabl 1pc x Soldering iron bracket 1pc x solder","This USB rechargeable welding iron is a compact and portable tool ideal for DIY projects and metalworking. With a power output of 8W and adjustable temperature settings ranging from 330 to 450℃, it allows for precise soldering and welding tasks. The device features a durable aluminum alloy construction and a quick tin melting time of under 15 seconds, making it efficient for various applications. Its rechargeable lithium-polymer battery ensures convenience and mobility, perfect for makers on the go. This tool is an essential addition to any electronics lab or workshop.","welding, soldering, rechargeable, portable, diy, electronics, metalworking, tools, compact, aluminum",welding tool,"DIY electronics assembly, metal sculpture creation, circuit board repair, custom jewelry making",1,5,₪33.52
Waterproof Survival Storage Box,C:\Users\Royma\Downloads\Temu Items 2\waterproof pp survival box compact sealed container camping - Temu.html,C:\Users\Royma\Downloads\Temu Items 2\waterproof pp survival box compact sealed container camping - Temu_files,"0c9020f527434f918b858b6a75d0fd15-goods.jpeg, 3a2ed8231e9a409cbd9c54135d87362c-goods(1).jpeg, 3a2ed8231e9a409cbd9c54135d87362c-goods.jpeg, 7aa1b813a2bd4d7dab06cfa391075bb7-goods.jpeg, 9f6ebccc-788e-4589-ac80-96675cc7004c_224x206.jpeg, a850d55cc2b541e38e1b796239f815f8-goods.jpeg, c39f30d68ca14a868a065b2b9dab106d-goods(1).jpeg, c39f30d68ca14a868a065b2b9dab106d-goods.jpeg, c75830b6e69b47d5879e897c40fde1bb-goods(1).jpeg, c75830b6e69b47d5879e897c40fde1bb-goods.jpeg, dfdc3d18169645a19f7ac419fff702cd-goods.jpeg","1pc Waterproof PP Survival Box - Compact Sealed Container for Camping & Outdoor Travel, Black, with Axe Ammo Storage, Travel Accessory|Secure Storage|Durable Container | Applicable People : Universal Major Material : PP (polypropylene) Color : Black See all details | Store your important items like a lighter, matches, and electronic devices safely. It is designed to be waterproof, can float, and has a shockproof 3mm PE inner lining. (Do not submerge in water as it may leak) This is an excellent accessory for activities such as camping, boating, fishing, tubing, swimming, kiteboarding, or any water-related sport. Material: Plastic. Color options: Black/Orange/Brown. Includes 1 storage box (other accessories not included).","This waterproof survival storage box is an essential accessory for any DIY electronics enthusiast who enjoys outdoor activities. Its durable polypropylene construction ensures that your important items, such as microcontrollers and sensors, are kept safe from the elements. With a shockproof inner lining, it can withstand the rigors of travel while providing a secure environment for your gear. Ideal for camping, boating, or any adventure, this compact container can float and is perfect for storing small electronic devices and components.","waterproof, storage, camping, outdoor, electronics, durable, polypropylene, travel, survival, container",storage box,"outdoor electronics, portable sensor kits, waterproof circuit enclosures, camping gear organization",1,,₪7.59
Wire Stripping Pliers,C:\Users\Royma\Downloads\Temu Items 2\wire stripping pliers electricians multifunctional wire - Temu.html,C:\Users\Royma\Downloads\Temu Items 2\wire stripping pliers electricians multifunctional wire - Temu_files,"1711286537838-1f889218992a4ee2bc007820ffb28de9-goods.jpeg, 1711286538588-0dc29a49d4a146c7a5fcfa8187937c98-goods.jpeg, 1711286539353-ea063247c0a242079a42f337019f3077-goods.jpeg, 1711286541108-5b66139a8b3f4dba81ea42684dfaea5a-goods.jpeg, 1711286541536-6c8c4c5516db4af88b401f1ef960cbe5-goods.jpeg, 1711286541878-17c0709b79bd4fae9620159666c4d0c8-goods.jpeg, 1711286542295-d2d4bd2ae3e74d979a5113cfa567b340-goods.jpeg, 1711286543714-a64482a5a0de4cff9517192ed88dfed3-goods.jpeg, 1711286913444-e2ee4d626d254ebf9d05e2fbce81719c-goods(1).jpeg, 1711286913444-e2ee4d626d254ebf9d05e2fbce81719c-goods.jpeg, 578f38b7-827e-4320-a0d5-d29c3fd45463.jpg, 713b7a84-98af-4b69-8235-787138a9fd7e(1).jpg, 713b7a84-98af-4b69-8235-787138a9fd7e.jpg, e3b82be7-bf96-4358-a85d-58a74e551cca_300x300.jpeg",1pc Wire Stripping Pliers For Electricians Multifunctional Wire Cutting Pliers Stainless Steel Wire Stripping Pliers Hand Tool | Material : Stainless Steel Color : Grey Assembly Required : No See all details and dimensions | Feature Size:21.7*5.5CM(8.54inch*2.17inch) Material：steel/High-carbon steel,"These multifunctional wire stripping pliers are essential for any DIY electronics lab. Made from high-carbon stainless steel, they provide durability and precision for cutting and stripping wires. With a compact size of 21.7 x 5.5 cm, they are easy to handle and perfect for intricate tasks. Ideal for both beginners and experienced makers, these pliers will streamline your wiring projects and ensure clean connections.","wire stripping, pliers, hand tool, stainless steel, electrician tools, diy electronics, wire cutting",hand tool,"building circuits, repairing electronics, creating custom cables",1,,₪16.02
Arduino Dual-Axis XY Joystick Module,C:\Users\Royma\Downloads\Temu Items 2\xy joystick modules high quality ps2 - Temu.html,C:\Users\Royma\Downloads\Temu Items 2\xy joystick modules high quality ps2 - Temu_files,"019ecb0aaa904092aeb611d1ce6e9e25-goods(1).jpeg, 019ecb0aaa904092aeb611d1ce6e9e25-goods.jpeg, 3f957e717e1a4450bc4efaa75e3a4ac5-goods(1).jpeg, 3f957e717e1a4450bc4efaa75e3a4ac5-goods.jpeg, 6ce6e90c1c364ce8b3c487bb8e41062e-goods.jpeg, 8e8b7fb5f6ef4eb4b2da11cdf7d64b2e-goods(1).jpeg, 8e8b7fb5f6ef4eb4b2da11cdf7d64b2e-goods.jpeg, ad780600f85d40fd8d9f205282097007-goods(1).jpeg, ad780600f85d40fd8d9f205282097007-goods.jpeg, ba1cd9d1cb8340478b261999a03e26b3-goods(1).jpeg, ba1cd9d1cb8340478b261999a03e26b3-goods.jpeg, ecf9100e-a30a-421a-9fd3-9824f0b11ac8_300x300.jpeg, f012987be8ed451e8886ff3e1dbd7389-goods(1).jpeg, f012987be8ed451e8886ff3e1dbd7389-goods.jpeg","2pcs Arduino Dual-Axis XY Joystick Modules - High-Quality PS2 Control Lever Sensors with 3-Pin Digital Interface, Black Ergonomic Design for Gaming, Robotics & DIY Projects (KY-023), Joystick for Pc, Gaming Accessory, Sleek Design, Durable Construction | Battery Properties : Without Battery Contain Electronic Components/Motherboard : Does not contain electronic components or motherboard Item ID : FE3801312 Copy See all details | Set of 2 Arduino Dual-axis XY Joystick Module, High-Quality PS2 Joystick Control Lever Sensor KY-023","This set of two Arduino Dual-Axis XY Joystick Modules (KY-023) is perfect for integrating into your DIY electronics projects. Each module features a high-quality PS2 control lever sensor with a 3-pin digital interface, making it easy to connect to your microcontroller. The ergonomic design ensures comfortable use, whether for gaming applications or robotics control. With durable construction, these joysticks are built to withstand repeated use in various projects. Ideal for hobbyists looking to add intuitive control to their designs.","arduino, joystick, xy-axis, robotics, gaming, diy, sensors, electronics, control, modules",joystick module,"robotic arm control, game controller, interactive art installation, remote-controlled vehicle, DIY arcade system",2,2,₪8.11
